<,p,>,<,a, ,h,r,e,f,=,"""",h,t,t,p,s,:,/,/,f,i,n,a,n,c,e,.,y,a,h,o,o,.,c,o,m,/,n,e,w,s,/,f,r,i,d,a,y,-,g,o,i,n,g,-,h,u,g,e,-,d,a,y,-,s,t,o,c,k,-,1,5,4,1,0,2,7,5,0,.,h,t,m,l,"""",>,<,i,m,g, ,s,r,c,=,"""","""", ,w,i,d,t,h,=,"""",1,3,0,"""", ,h,e,i,g,h,t,=,"""",8,6,"""", ,a,l,t,=,"""",F,r,i,d,a,y, ,I,s, ,G,o,i,n,g, ,t,o, ,B,e, ,a, ,H,u,g,e, ,D,a,y, ,f,o,r, ,S,t,o,c,k, ,T,r,a,d,e,r,s,"""", ,a,l,i,g,n,=,"""",l,e,f,t,"""", ,t,i,t,l,e,=,"""",F,r,i,d,a,y, ,I,s, ,G,o,i,n,g, ,t,o, ,B,e, ,a, ,H,u,g,e, ,D,a,y, ,f,o,r, ,S,t,o,c,k, ,T,r,a,d,e,r,s,"""", ,b,o,r,d,e,r,=,"""",0,"""", ,>,<,/,a,>,T,w,o, ,m,a,j,o,r, ,m,a,r,k,e,t, ,e,v,e,n,t,s, ,t,h,a,t, ,h,a,v,e, ,t,h,e, ,p,o,t,e,n,t,i,a,l, ,t,o, ,s,e,n,d, ,U,.,S,., ,e,q,u,i,t,y, ,v,o,l,u,m,e,s, ,s,k,y,-,h,i,g,h, ,w,i,l,l, ,c,o,l,l,i,d,e, ,F,r,i,d,a,y,., , ,T,h,e, ,f,i,r,s,t, ,i,s, ,t,h,e, ,q,u,a,r,t,e,r,l,y, ,e,v,e,n,t, ,k,n,o,w,n, ,a,s, ,“,q,u,a,d,r,u,p,l,e, ,w,i,t,c,h,i,n,g,”, ,-,-, ,w,h,e,n, ,f,u,t,u,r,e,s, ,a,n,d, ,o,p,t,i,o,n,s, ,o,n, ,i,n,d,e,x,e,s, ,a,n,d, ,i,n,d,i,v,i,d,u,a,l, ,s,t,o,c,k,s, ,e,x,p,i,r,e,., , ,T,h,e, ,a,n,t,i,c,i,p,a,t,e,d, ,s,p,i,k,e, ,i,n, ,t,u,r,b,u,l,e,n,c,e, ,w,i,l,l, ,h,i,t, ,a, ,m,a,r,k,e,t, ,a,l,r,e,a,d,y, ,r,o,i,l,e,d, ,b,y, ,r,i,s,i,n,g, ,t,r,a,d,e, ,t,e,n,s,i,o,n,s, ,b,e,t,w,e,e,n, ,t,h,e, ,U,.,S,., ,a,n,d, ,C,h,i,n,a,.,<,p,>,<,b,r, ,c,l,e,a,r,=,"""",a,l,l,"""",>
<,p,>,<,a, ,h,r,e,f,=,"""",h,t,t,p,s,:,/,/,f,i,n,a,n,c,e,.,y,a,h,o,o,.,c,o,m,/,n,e,w,s,/,a,m,a,z,o,n,-,j,u,s,t,-,a,c,c,i,d,e,n,t,a,l,l,y,-,l,e,a,k,e,d,-,d,e,t,a,i,l,s,-,1,4,5,4,4,1,4,3,9,.,h,t,m,l,"""",>,<,i,m,g, ,s,r,c,=,"""",h,t,t,p,:,/,/,l,.,y,i,m,g,.,c,o,m,/,u,u,/,a,p,i,/,r,e,s,/,1,.,2,/,f,N,s,I,g,o,m,3,m,S,_,O,o,8,C,C,E,O,J,V,4,A,-,-,/,Y,X,B,w,a,W,Q,9,e,X,R,h,Y,2,h,5,b,2,4,7,a,D,0,4,N,j,t,3,P,T,E,z,M,D,s,-,/,h,t,t,p,:,/,/,m,e,d,i,a,.,z,e,n,f,s,.,c,o,m,/,e,n,-,U,S,/,h,o,m,e,r,u,n,/,b,u,s,i,n,e,s,s,i,n,s,i,d,e,r,.,c,o,m,/,0,c,0,f,b,e,4,a,6,7,d,7,3,d,0,3,0,a,4,1,3,1,3,7,3,1,6,e,2,c,e,5,"""", ,w,i,d,t,h,=,"""",1,3,0,"""", ,h,e,i,g,h,t,=,"""",8,6,"""", ,a,l,t,=,"""",A,m,a,z,o,n, ,j,u,s,t, ,a,c,c,i,d,e,n,t,a,l,l,y, ,l,e,a,k,e,d, ,d,e,t,a,i,l,s, ,a,b,o,u,t, ,2, ,n,e,w, ,A,l,e,x,a, ,d,e,v,i,c,e,s, ,a,h,e,a,d, ,o,f, ,a,n, ,e,v,e,n,t, ,t,o,d,a,y,"""", ,a,l,i,g,n,=,"""",l,e,f,t,"""", ,t,i,t,l,e,=,"""",A,m,a,z,o,n, ,j,u,s,t, ,a,c,c,i,d,e,n,t,a,l,l,y, ,l,e,a,k,e,d, ,d,e,t,a,i,l,s, ,a,b,o,u,t, ,2, ,n,e,w, ,A,l,e,x,a, ,d,e,v,i,c,e,s, ,a,h,e,a,d, ,o,f, ,a,n, ,e,v,e,n,t, ,t,o,d,a,y,"""", ,b,o,r,d,e,r,=,"""",0,"""", ,>,<,/,a,>,L,i,s,t,i,n,g,s, ,f,o,r, ,a,n, ,A,m,a,z,o,n, ,E,c,h,o, ,S,u,b, ,s,u,b,w,o,o,f,e,r, ,a,n,d, ,a,n, ,A,m,a,z,o,n, ,S,m,a,r,t, ,P,l,u,g, ,w,e,r,e, ,l,e,a,k,e,d, ,a,h,e,a,d, ,o,f, ,a, ,c,o,m,p,a,n,y, ,e,v,e,n,t, ,o,n, ,T,h,u,r,s,d,a,y,., , ,T,h,e, ,s,u,b,w,o,o,f,e,r, ,i,s, ,d,e,s,i,g,n,e,d, ,t,o, ,w,o,r,k, ,w,i,t,h, ,A,m,a,z,o,n,',s, ,E,c,h,o, ,s,p,e,a,k,e,r,s,",", ,w,h,i,c,h, ,w,o,u,l,d, ,a,l,s,o, ,g,e,t, ,s,t,e,r,e,o, ,s,o,u,n,d, ,f,u,n,c,t,i,o,n,a,l,i,t,y,",", ,a,c,c,o,r,d,i,n,g, ,t,o, ,t,h,e, ,l,e,a,k,e,d, ,l,i,s,t,i,n,g,s, ,o,n, ,A,m,a,z,o,n, ,U,K, ,f,i,r,s,t, ,s,p,o,t,t,e,d, ,b,y, ,t,h,e, ,w,e,b,s,i,t,e, ,P,o,c,k,e,t,-,l,i,n,t,., , ,T,h,e, ,A,m,a,z,o,n, ,S,m,a,r,t, ,P,l,u,g, ,w,o,u,l,d, ,g,i,v,e, ,b,a,s,i,c, ,A,l,e,x,a, ,f,u,n,c,t,i,o,n,a,l,i,t,y, ,t,o, ,d,e,v,i,c,e,s, ,p,l,u,g,g,e,d, ,i,n,t,o, ,i,t,.,<,p,>,<,b,r, ,c,l,e,a,r,=,"""",a,l,l,"""",>
<,p,>,<,a, ,h,r,e,f,=,"""",h,t,t,p,s,:,/,/,f,i,n,a,n,c,e,.,y,a,h,o,o,.,c,o,m,/,n,e,w,s,/,p,e,p,s,i,-,c,o,-,t,e,s,l,a,-,m,i,c,h,a,e,l,-,j,o,r,d,a,n,-,h,e,l,p,i,n,g,-,c,a,r,o,l,i,n,a,s,-,1,4,4,2,5,2,1,6,0,.,h,t,m,l,"""",>,<,i,m,g, ,s,r,c,=,"""",h,t,t,p,:,/,/,l,2,.,y,i,m,g,.,c,o,m,/,u,u,/,a,p,i,/,r,e,s,/,1,.,2,/,S,4,C,e,4,D,8,1,Y,T,C,9,B,R,z,S,D,y,E,y,b,A,-,-,/,Y,X,B,w,a,W,Q,9,e,X,R,h,Y,2,h,5,b,2,4,7,a,D,0,4,N,j,t,3,P,T,E,z,M,D,s,-,/,h,t,t,p,:,/,/,m,e,d,i,a,.,z,e,n,f,s,.,c,o,m,/,e,n,/,h,o,m,e,r,u,n,/,f,e,e,d,_,m,a,n,a,g,e,r,_,a,u,t,o,_,p,u,b,l,i,s,h,_,4,9,4,/,f,2,5,4,e,d,f,5,6,e,6,3,0,6,a,b,6,8,d,b,1,3,9,6,b,6,a,1,d,b,1,b,"""", ,w,i,d,t,h,=,"""",1,3,0,"""", ,h,e,i,g,h,t,=,"""",8,6,"""", ,a,l,t,=,"""",H,o,w, ,P,e,p,s,i,-,C,o,",", ,T,e,s,l,a, ,a,n,d, ,M,i,c,h,a,e,l, ,J,o,r,d,a,n, ,a,r,e, ,h,e,l,p,i,n,g, ,t,h,e, ,C,a,r,o,l,i,n,a,s,"""", ,a,l,i,g,n,=,"""",l,e,f,t,"""", ,t,i,t,l,e,=,"""",H,o,w, ,P,e,p,s,i,-,C,o,",", ,T,e,s,l,a, ,a,n,d, ,M,i,c,h,a,e,l, ,J,o,r,d,a,n, ,a,r,e, ,h,e,l,p,i,n,g, ,t,h,e, ,C,a,r,o,l,i,n,a,s,"""", ,b,o,r,d,e,r,=,"""",0,"""", ,>,<,/,a,>,A,n,h,e,u,s,e,r,-,B,u,s,c,h, ,a,n,d, ,o,t,h,e,r, ,b,e,v,e,r,a,g,e, ,m,a,k,e,r,s, ,d,o,n,a,t,e,d, ,c,a,n,s, ,o,f, ,d,r,i,n,k,i,n,g, ,w,a,t,e,r, ,t,o, ,v,i,c,t,i,m,s, ,o,f, ,H,u,r,r,i,c,a,n,e, ,F,l,o,r,e,n,c,e,., , ,E,a,r,l,y, ,e,s,t,i,m,a,t,e,s, ,s,h,o,w, ,t,h,a,t, ,H,u,r,r,i,c,a,n,e, ,F,l,o,r,e,n,c,e, ,h,a,s, ,l,e,f,t, ,a, ,$,2,2, ,b,i,l,l,i,o,n, ,p,a,t,h, ,o,f, ,d,e,v,a,s,t,a,t,i,o,n, ,i,n, ,i,t,s, ,w,a,k,e,",", ,w,i,t,h, ,$,2,.,5, ,b,i,l,l,i,o,n, ,i,n, ,i,n,s,u,r,e,d, ,l,o,s,s,e,s, ,s,o, ,f,a,r,., , ,H,u,n,d,r,e,d,s, ,o,f, ,t,h,o,u,s,a,n,d,s, ,o,f, ,p,e,o,p,l,e, ,a,r,e, ,s,t,i,l,l, ,w,i,t,h,o,u,t, ,p,o,w,e,r, ,i,n, ,N,o,r,t,h, ,C,a,r,o,l,i,n,a,",", ,a,n,d, ,f,l,o,o,d,i,n,g, ,r,e,m,a,i,n,s, ,a,t, ,d,a,n,g,e,r,o,u,s, ,l,e,v,e,l,s,.,<,p,>,<,b,r, ,c,l,e,a,r,=,"""",a,l,l,"""",>
<,p,>,<,a, ,h,r,e,f,=,"""",h,t,t,p,s,:,/,/,f,i,n,a,n,c,e,.,y,a,h,o,o,.,c,o,m,/,n,e,w,s,/,u,-,l,n,g,-,p,r,o,j,e,c,t,s,-,e,n,o,u,g,h,-,d,o,u,b,l,e,-,1,5,3,0,2,0,6,3,3,.,h,t,m,l,"""",>,<,i,m,g, ,s,r,c,=,"""","""", ,w,i,d,t,h,=,"""",1,3,0,"""", ,h,e,i,g,h,t,=,"""",8,6,"""", ,a,l,t,=,"""",N,e,w, ,U,.,S,., ,L,N,G, ,p,r,o,j,e,c,t,s,",", ,e,n,o,u,g,h, ,t,o, ,d,o,u,b,l,e, ,e,x,p,o,r,t,s,",", ,o,n, ,v,e,r,g,e, ,o,f, ,l,a,u,n,c,h,"""", ,a,l,i,g,n,=,"""",l,e,f,t,"""", ,t,i,t,l,e,=,"""",N,e,w, ,U,.,S,., ,L,N,G, ,p,r,o,j,e,c,t,s,",", ,e,n,o,u,g,h, ,t,o, ,d,o,u,b,l,e, ,e,x,p,o,r,t,s,",", ,o,n, ,v,e,r,g,e, ,o,f, ,l,a,u,n,c,h,"""", ,b,o,r,d,e,r,=,"""",0,"""", ,>,<,/,a,>,N,e,w, ,U,.,S,., ,l,i,q,u,e,f,i,e,d, ,n,a,t,u,r,a,l, ,g,a,s, , ,t,e,r,m,i,n,a,l,s, ,w,i,t,h, ,e,n,o,u,g,h, ,c,a,p,a,c,i,t,y, ,t,o, ,d,o,u,b,l,e, ,U,.,S,., ,e,x,p,o,r,t,s, ,h,a,v,e, , ,e,i,t,h,e,r, ,b,e,g,u,n, ,c,o,m,m,i,s,s,i,o,n,i,n,g, ,t,h,e,i,r, ,f,a,c,i,l,i,t,i,e,s, ,o,r, ,a,r,e, ,w,a,i,t,i,n,g, ,f,o,r, , ,a,p,p,r,o,v,a,l, ,f,r,o,m, ,t,h,e, ,e,n,e,r,g,y, ,r,e,g,u,l,a,t,o,r,",", ,a, ,r,e,v,i,e,w, ,o,f, ,t,h,e,i,r, ,d,o,c,u,m,e,n,t,s, , ,s,h,o,w,e,d, ,t,h,i,s, ,w,e,e,k,., , ,A,l,t,h,o,u,g,h, ,l,o,n,g, ,p,l,a,n,n,e,d,",", ,t,h,e, ,a,c,t,u,a,l, ,c,o,m,m,i,s,s,i,o,n,i,n,g, ,o,f, ,p,l,a,n,t,s, , ,h,a,s, ,b,e,e,n, ,a, ,m,o,v,i,n,g, ,t,a,r,g,e,t, ,i,n, ,t,h,e, ,p,a,s,t,., , ,I,t, ,a,l,s,o, ,o,p,e,n,s, ,t,h,e, ,t,a,p,s, ,f,o,r, ,l,a,r,g,e, ,v,o,l,u,m,e,s, ,t,o, ,h,i,t, ,t,h,e, ,s,p,o,t, ,m,a,r,k,e,t, , ,b,e,f,o,r,e, ,l,o,n,g,-,t,e,r,m, ,c,o,m,m,e,r,c,i,a,l, ,c,o,n,t,r,a,c,t,s, ,a,r,e, ,f,o,r,m,e,r,l,y, ,t,r,i,g,g,e,r,e,d,.,<,p,>,<,b,r, ,c,l,e,a,r,=,"""",a,l,l,"""",>
<,p,>,<,a, ,h,r,e,f,=,"""",h,t,t,p,s,:,/,/,f,i,n,a,n,c,e,.,y,a,h,o,o,.,c,o,m,/,n,e,w,s,/,g,e,n,e,r,a,l,-,e,l,e,c,t,r,i,c,-,c,o,n,f,i,r,m,s,-,b,l,a,d,e,-,p,r,o,b,l,e,m,-,1,3,3,0,2,3,0,8,9,.,h,t,m,l,"""",>,<,i,m,g, ,s,r,c,=,"""","""", ,w,i,d,t,h,=,"""",1,3,0,"""", ,h,e,i,g,h,t,=,"""",8,6,"""", ,a,l,t,=,"""",G,E, ,s,a,y,s, ,f,o,u,r, ,H,A, ,t,u,r,b,i,n,e,s, ,i,n, ,U,.,S,., ,s,h,u,t, ,d,o,w,n, ,d,u,e, ,t,o, ,b,l,a,d,e, ,p,r,o,b,l,e,m,"""", ,a,l,i,g,n,=,"""",l,e,f,t,"""", ,t,i,t,l,e,=,"""",G,E, ,s,a,y,s, ,f,o,u,r, ,H,A, ,t,u,r,b,i,n,e,s, ,i,n, ,U,.,S,., ,s,h,u,t, ,d,o,w,n, ,d,u,e, ,t,o, ,b,l,a,d,e, ,p,r,o,b,l,e,m,"""", ,b,o,r,d,e,r,=,"""",0,"""", ,>,<,/,a,>,G,e,n,e,r,a,l, ,E,l,e,c,t,r,i,c, ,C,o, ,s,a,i,d, ,o,n, ,T,h,u,r,s,d,a,y, ,t,h,a,t, ,f,o,u,r, ,o,f, ,i,t,s, ,f,l,a,g,s,h,i,p, ,p,o,w,e,r, ,t,u,r,b,i,n,e,s, ,i,n, ,t,h,e, ,U,n,i,t,e,d, ,S,t,a,t,e,s, ,h,a,v,e, ,b,e,e,n, ,s,h,u,t, ,d,o,w,n, ,d,u,e, ,t,o, ,a, ,p,r,o,b,l,e,m, ,w,i,t,h, ,t,u,r,b,i,n,e, ,b,l,a,d,e,s, ,t,h,a,t, ,w,a,s, ,d,i,s,c,o,v,e,r,e,d, ,a,t, ,a,n, ,e,l,e,c,t,r,i,c,a,l, ,p,o,w,e,r, ,p,l,a,n,t, ,.,.,.,<,p,>,<,b,r, ,c,l,e,a,r,=,"""",a,l,l,"""",>
<,p,>,<,a, ,h,r,e,f,=,"""",h,t,t,p,s,:,/,/,f,i,n,a,n,c,e,.,y,a,h,o,o,.,c,o,m,/,n,e,w,s,/,w,o,m,e,n,-,s,u,p,p,o,r,t,i,n,g,-,k,a,v,a,n,a,u,g,h,-,t,h,e,m,s,e,l,v,e,s,-,s,t,o,r,m,s,-,c,e,n,t,e,r,-,0,4,1,7,4,6,0,0,4,-,-,p,o,l,i,t,i,c,s,.,h,t,m,l,"""",>,<,i,m,g, ,s,r,c,=,"""",h,t,t,p,:,/,/,l,2,.,y,i,m,g,.,c,o,m,/,u,u,/,a,p,i,/,r,e,s,/,1,.,2,/,I,A,K,w,S,b,T,h,l,v,5,9,V,E,6,p,M,f,J,S,0,Q,-,-,/,Y,X,B,w,a,W,Q,9,e,X,R,h,Y,2,h,5,b,2,4,7,a,D,0,4,N,j,t,3,P,T,E,z,M,D,s,-,/,h,t,t,p,:,/,/,g,l,o,b,a,l,f,i,n,a,n,c,e,.,z,e,n,f,s,.,c,o,m,/,i,m,a,g,e,s,/,U,S,_,A,H,T,T,P,_,A,P,_,N,E,W,S,B,R,I,E,F,S,/,1,0,1,6,5,7,e,f,d,3,0,6,4,a,a,9,b,7,4,e,2,7,2,d,5,9,3,8,4,8,9,7,_,o,r,i,g,i,n,a,l,.,j,p,g,"""", ,w,i,d,t,h,=,"""",1,3,0,"""", ,h,e,i,g,h,t,=,"""",8,6,"""", ,a,l,t,=,"""",W,o,m,e,n, ,s,u,p,p,o,r,t,i,n,g, ,K,a,v,a,n,a,u,g,h, ,f,i,n,d, ,t,h,e,m,s,e,l,v,e,s, ,i,n, ,s,t,o,r,m,',s, ,c,e,n,t,e,r,"""", ,a,l,i,g,n,=,"""",l,e,f,t,"""", ,t,i,t,l,e,=,"""",W,o,m,e,n, ,s,u,p,p,o,r,t,i,n,g, ,K,a,v,a,n,a,u,g,h, ,f,i,n,d, ,t,h,e,m,s,e,l,v,e,s, ,i,n, ,s,t,o,r,m,',s, ,c,e,n,t,e,r,"""", ,b,o,r,d,e,r,=,"""",0,"""", ,>,<,/,a,>,I,t, ,s,t,a,r,t,e,d, ,a,s, ,a, ,s,e,r,i,e,s, ,o,f, ,p,h,o,n,e, ,c,a,l,l,s, ,a,m,o,n,g, ,o,l,d, ,h,i,g,h,-,s,c,h,o,o,l, ,f,r,i,e,n,d,s, ,a,n,d, ,e,n,d,e,d, ,u,p, ,e,m,b,r,o,i,l,i,n,g, ,6,5, ,w,o,m,e,n, ,i,n, ,t,h,e, ,f,i,r,e,s,t,o,r,m, ,o,v,e,r, ,a, ,s,e,x,u,a,l, ,a,s,s,a,u,l,t, ,a,l,l,e,g,a,t,i,o,n, ,t,h,a,t, ,c,o,u,l,d, ,s,h,a,p,e, ,t,h,e, ,S,u,p,r,e,m,e, ,C,o,u,r,t,., , ,I,n, ,a, ,m,a,t,t,e,r, ,o,f, ,h,o,u,r,s,",", ,t,h,e,y, ,a,l,l, ,s,i,g,n,e,d, ,o,n,t,o, ,a, ,l,e,t,t,e,r, ,r,a,l,l,y,i,n,g, ,b,e,h,i,n,d, ,h,i,g,h, ,c,o,u,r,t, ,n,o,m,i,n,e,e, ,a,n,d, ,t,h,e,i,r, ,h,i,g,h, ,s,c,h,o,o,l, ,f,r,i,e,n,d, ,B,r,e,t,t, ,K,a,v,a,n,a,u,g,h, ,a,s, ,s,o,m,e,o,n,e, ,w,h,o, ,"""",h,a,s, ,a,l,w,a,y,s, ,t,r,e,a,t,e,d, ,w,o,m,e,n, ,w,i,t,h, ,d,e,c,e,n,c,y, ,a,n,d, ,r,e,s,p,e,c,t,.,"""", ,A,n,d, ,t,h,e,y, ,s,i,g,n,e,d, ,u,p,",", ,w,h,e,t,h,e,r, ,t,h,e,y, ,a,n,t,i,c,i,p,a,t,e,d, ,i,t, ,o,r, ,n,o,t,",", ,f,o,r, ,b,e,c,o,m,i,n,g, ,a, ,f,o,c,u,s, ,o,f, ,s,c,r,u,t,i,n,y, ,t,h,e,m,s,e,l,v,e,s,., , ,T,h,e, ,p,o,w,e,r,f,u,l, ,s,t,r,e,n,g,t,h,-,i,n,-,n,u,m,b,e,r,s, ,s,t,a,t,e,m,e,n,t,",", ,o,f,f,e,r,e,d, ,t,o, ,b,o,l,s,t,e,r, ,K,a,v,a,n,a,u,g,h,',s, ,d,e,n,i,a,l, ,o,f, ,a, ,c,l,a,i,m, ,t,h,a,t, ,h,e, ,a,t,t,a,c,k,e,d, ,a, ,g,i,r,l, ,a,t, ,a, ,p,a,r,t,y, ,d,u,r,i,n,g, ,t,h,e,i,r, ,h,i,g,h, ,s,c,h,o,o,l, ,y,e,a,r,s,",", ,h,a,s, ,d,r,a,w,n, ,q,u,e,s,t,i,o,n,s, ,f,r,o,m, ,j,o,u,r,n,a,l,i,s,t,s,",", ,s,o,c,i,a,l, ,m,e,d,i,a, ,s,k,e,p,t,i,c,s,",", ,e,v,e,n, ,H,o,l,l,y,w,o,o,d, ,f,i,g,u,r,e,s,.,<,p,>,<,b,r, ,c,l,e,a,r,=,"""",a,l,l,"""",>
<,p,>,<,a, ,h,r,e,f,=,"""",h,t,t,p,s,:,/,/,f,i,n,a,n,c,e,.,y,a,h,o,o,.,c,o,m,/,n,e,w,s,/,s,p,e,n,d,i,n,g,-,b,i,l,l,s,-,l,e,a,v,e,-,c,o,n,s,e,r,v,a,t,i,v,e,s,-,f,r,u,s,t,r,a,t,e,d,-,2,1,3,3,1,6,8,9,3,.,h,t,m,l,"""",>,<,i,m,g, ,s,r,c,=,"""",h,t,t,p,:,/,/,l,2,.,y,i,m,g,.,c,o,m,/,u,u,/,a,p,i,/,r,e,s,/,1,.,2,/,S,3,7,X,j,y,J,6,F,C,.,C,a,R,0,Y,A,z,6,a,O,A,-,-,/,Y,X,B,w,a,W,Q,9,e,X,R,h,Y,2,h,5,b,2,4,7,a,D,0,4,N,j,t,3,P,T,E,z,M,D,s,-,/,h,t,t,p,:,/,/,m,e,d,i,a,.,z,e,n,f,s,.,c,o,m,/,e,n,-,U,S,/,h,o,m,e,r,u,n,/,u,s,.,f,i,n,a,n,c,e,.,t,h,e,f,i,s,c,a,l,t,i,m,e,s,/,f,f,5,1,b,b,3,6,2,f,6,8,d,6,0,7,9,7,f,e,f,7,9,9,e,5,4,4,d,1,e,a,"""", ,w,i,d,t,h,=,"""",1,3,0,"""", ,h,e,i,g,h,t,=,"""",8,6,"""", ,a,l,t,=,"""",S,p,e,n,d,i,n,g, ,B,i,l,l,s, ,L,e,a,v,e, ,C,o,n,s,e,r,v,a,t,i,v,e,s, ,F,r,u,s,t,r,a,t,e,d,"""", ,a,l,i,g,n,=,"""",l,e,f,t,"""", ,t,i,t,l,e,=,"""",S,p,e,n,d,i,n,g, ,B,i,l,l,s, ,L,e,a,v,e, ,C,o,n,s,e,r,v,a,t,i,v,e,s, ,F,r,u,s,t,r,a,t,e,d,"""", ,b,o,r,d,e,r,=,"""",0,"""", ,>,<,/,a,>,L,a,w,m,a,k,e,r,s, ,h,a,v,e, ,b,e,e,n, ,p,a,s,s,i,n,g, ,s,p,e,n,d,i,n,g, ,b,i,l,l,s, ,w,i,t,h, ,u,n,u,s,u,a,l, ,s,p,e,e,d, ,a,n,d, ,l,i,t,t,l,e, ,f,a,n,f,a,r,e, ,l,a,t,e,l,y,",", ,m,o,s,t, ,r,e,c,e,n,t,l,y, ,t,h,e, ,$,8,5,4, ,b,i,l,l,i,o,n, ,p,a,c,k,a,g,e, ,c,o,v,e,r,i,n,g, ,t,h,e, ,D,e,p,a,r,t,m,e,n,t,s, ,o,f, ,D,e,f,e,n,s,e,",", ,H,e,a,l,t,h, ,a,n,d, ,H,u,m,a,n, ,S,e,r,v,i,c,e,s,",", ,L,a,b,o,r, ,a,n,d, ,E,d,u,c,a,t,i,o,n, ,t,h,a,t, ,s,a,i,l,e,d, ,t,h,r,o,u,g,h, ,t,h,e, ,S,e,n,a,t,e, ,T,u,e,s,d,a,y,., , ,T,h,e, ,e,a,s,e, ,w,i,t,h, ,w,h,i,c,h, ,t,h,e,s,e, ,h,u,g,e, ,s,p,e,n,d,i,n,g, ,b,i,l,l,s, ,a,r,e, ,p,a,s,s,i,n,g, ,i,s,n,’,t, ,s,i,t,t,i,n,g, ,w,e,l,l, ,w,i,t,h, ,s,o,m,e, ,c,o,n,s,e,r,v,a,t,i,v,e,s, ,i,n, ,C,o,n,g,r,e,s,s,",", ,a,c,c,o,r,d,i,n,g, ,t,o, ,T,h,e, ,H,i,l,l,., , ,“,I,t,’,s, ,a, ,l,i,t,t,l,e, ,b,i,t, ,f,r,u,s,t,r,a,t,i,n,g, ,r,i,g,h,t, ,n,o,w,",",”, ,s,a,i,d, ,R,e,p,., ,M,a,r,k, ,W,a,l,k,e,r,",", ,t,h,e, ,c,h,a,i,r,m,a,n, ,o,f, ,t,h,e, ,c,o,n,s,e,r,v,a,t,i,v,e, ,R,e,p,u,b,l,i,c,a,n, ,S,t,u,d,y, ,C,o,m,m,i,t,t,e,e,.,<,p,>,<,b,r, ,c,l,e,a,r,=,"""",a,l,l,"""",>
<,p,>,<,a, ,h,r,e,f,=,"""",h,t,t,p,s,:,/,/,f,i,n,a,n,c,e,.,y,a,h,o,o,.,c,o,m,/,v,i,d,e,o,/,p,o,l,i,s,h,-,p,r,e,s,i,d,e,n,t,-,n,o,-,o,n,e,-,q,u,e,s,t,i,o,n,s,-,1,9,1,0,0,0,4,1,9,.,h,t,m,l,"""",>,<,i,m,g, ,s,r,c,=,"""",h,t,t,p,:,/,/,l,1,.,y,i,m,g,.,c,o,m,/,u,u,/,a,p,i,/,r,e,s,/,1,.,2,/,l,r,A,d,k,I,5,j,A,w,2,G,W,W,B,s,L,v,w,X,C,g,-,-,/,Y,X,B,w,a,W,Q,9,e,X,R,h,Y,2,h,5,b,2,4,7,a,D,0,4,N,j,t,3,P,T,E,z,M,D,s,-,/,h,t,t,p,:,/,/,d,.,y,i,m,g,.,c,o,m,/,h,d,/,c,n,b,c,2,/,5,/,9,/,d,a,t,a,_,K,z,C,L,A,p,i,T,b,Q,S,0,W,e,e,S,C,B,v,v,z,X,d,v,K,p,F,f,V,o,J,s,O,K,l,H,z,B,t,7,v,7,2,L,s,V,A,V,T,z,4,f,0,8,n,F,U,2,W,y,B,-,5,F,W,p,2,A,I,s,9,v,2,l,g,-,~,A,_,2,_,0,.,j,p,g,?,s,=,c,7,5,f,1,3,1,e,0,a,8,8,8,1,d,8,6,3,c,3,b,c,0,e,d,4,5,5,1,7,8,b,&,c,=,1,2,6,1,3,f,f,8,e,f,9,9,1,0,2,3,9,4,0,8,8,b,b,1,c,8,1,3,b,e,9,2,&,a,=,c,n,b,c,2,&,m,r,=,0,"""", ,w,i,d,t,h,=,"""",1,3,0,"""", ,h,e,i,g,h,t,=,"""",8,6,"""", ,a,l,t,=,"""",P,o,l,i,s,h, ,p,r,e,s,i,d,e,n,t,:, ,N,o, ,o,n,e, ,q,u,e,s,t,i,o,n,s, ,t,h,a,t, ,T,r,u,m,p, ,k,n,o,w,s, ,h,o,w, ,t,.,.,.,"""", ,a,l,i,g,n,=,"""",l,e,f,t,"""", ,t,i,t,l,e,=,"""",P,o,l,i,s,h, ,p,r,e,s,i,d,e,n,t,:, ,N,o, ,o,n,e, ,q,u,e,s,t,i,o,n,s, ,t,h,a,t, ,T,r,u,m,p, ,k,n,o,w,s, ,h,o,w, ,t,.,.,.,"""", ,b,o,r,d,e,r,=,"""",0,"""", ,>,<,/,a,>,I,n, ,a, ,j,o,i,n,t, ,p,r,e,s,s, ,c,o,n,f,e,r,e,n,c,e, ,a,t, ,t,h,e, ,W,h,i,t,e, ,H,o,u,s,e,",", ,P,r,e,s,i,d,e,n,t, ,D,o,n,a,l,d, ,T,r,u,m,p, ,a,n,d, ,P,o,l,a,n,d, ,P,r,e,s,i,d,e,n,t, ,A,n,d,r,z,e,j, ,D,u,d,a, ,a,n,s,w,e,r, ,q,u,e,s,t,i,o,n,s, ,a,b,o,u,t, ,U,.,S,.,-,E,U, ,r,e,l,a,t,i,o,n,s,.,<,p,>,<,b,r, ,c,l,e,a,r,=,"""",a,l,l,"""",>
<,p,>,<,a, ,h,r,e,f,=,"""",h,t,t,p,s,:,/,/,f,i,n,a,n,c,e,.,y,a,h,o,o,.,c,o,m,/,n,e,w,s,/,b,o,u,g,h,t,-,o,l,i,v,e,-,g,a,r,d,e,n,-,u,n,l,i,m,i,t,e,d,-,p,a,s,t,a,-,1,7,0,0,1,1,6,0,0,.,h,t,m,l,"""",>,<,i,m,g, ,s,r,c,=,"""",h,t,t,p,:,/,/,l,.,y,i,m,g,.,c,o,m,/,u,u,/,a,p,i,/,r,e,s,/,1,.,2,/,Y,z,o,D,k,j,.,Y,q,8,k,v,H,z,t,_,F,i,p,.,6,Q,-,-,/,Y,X,B,w,a,W,Q,9,e,X,R,h,Y,2,h,5,b,2,4,7,a,D,0,4,N,j,t,3,P,T,E,z,M,D,s,-,/,h,t,t,p,:,/,/,m,e,d,i,a,.,z,e,n,f,s,.,c,o,m,/,e,n,-,U,S,/,h,o,m,e,r,u,n,/,m,o,n,e,y,_,4,0,3,/,b,e,3,9,8,e,0,5,f,9,0,a,b,f,a,b,c,a,1,b,0,7,d,6,5,d,b,e,8,5,b,8,"""", ,w,i,d,t,h,=,"""",1,3,0,"""", ,h,e,i,g,h,t,=,"""",8,6,"""", ,a,l,t,=,"""",I, ,B,o,u,g,h,t, ,a,n, ,O,l,i,v,e, ,G,a,r,d,e,n, ,U,n,l,i,m,i,t,e,d, ,P,a,s,t,a, ,P,a,s,s, ,a,n,d, ,I,t,’,s, ,G,o,i,n,g, ,t,o, ,S,a,v,e, ,M,e, ,$,1,0,",",0,0,0,., ,H,e,r,e,’,s, ,M,y, ,M,a,s,t,e,r, ,P,l,a,n,"""", ,a,l,i,g,n,=,"""",l,e,f,t,"""", ,t,i,t,l,e,=,"""",I, ,B,o,u,g,h,t, ,a,n, ,O,l,i,v,e, ,G,a,r,d,e,n, ,U,n,l,i,m,i,t,e,d, ,P,a,s,t,a, ,P,a,s,s, ,a,n,d, ,I,t,’,s, ,G,o,i,n,g, ,t,o, ,S,a,v,e, ,M,e, ,$,1,0,",",0,0,0,., ,H,e,r,e,’,s, ,M,y, ,M,a,s,t,e,r, ,P,l,a,n,"""", ,b,o,r,d,e,r,=,"""",0,"""", ,>,<,/,a,>,&,a,p,o,s,;,I,&,a,p,o,s,;,m, ,n,o,t, ,c,r,a,z,y,",", ,b,u,t, ,I, ,l,i,k,e, ,a, ,v,a,l,u,e,.,&,a,p,o,s,;,<,p,>,<,b,r, ,c,l,e,a,r,=,"""",a,l,l,"""",>
<,p,>,<,a, ,h,r,e,f,=,"""",h,t,t,p,s,:,/,/,f,i,n,a,n,c,e,.,y,a,h,o,o,.,c,o,m,/,n,e,w,s,/,c,a,n,a,d,i,a,n,-,c,a,n,n,a,b,i,s,-,p,r,o,d,u,c,e,r,-,t,a,l,k,s,-,c,o,c,a,-,1,5,2,2,4,0,8,4,8,.,h,t,m,l,"""",>,<,i,m,g, ,s,r,c,=,"""",h,t,t,p,:,/,/,l,.,y,i,m,g,.,c,o,m,/,u,u,/,a,p,i,/,r,e,s,/,1,.,2,/,9,S,r,9,e,g,X,m,r,B,C,O,K,.,Z,j,r,R,k,W,c,g,-,-,/,Y,X,B,w,a,W,Q,9,e,X,R,h,Y,2,h,5,b,2,4,7,a,D,0,4,N,j,t,3,P,T,E,z,M,D,s,-,/,h,t,t,p,:,/,/,m,e,d,i,a,.,z,e,n,f,s,.,c,o,m,/,e,n,-,U,S,/,h,o,m,e,r,u,n,/,b,u,s,i,n,e,s,s,i,n,s,i,d,e,r,.,c,o,m,/,3,9,f,c,a,8,7,f,4,8,f,5,a,9,e,8,c,4,b,d,6,e,4,a,3,b,1,a,a,2,d,c,"""", ,w,i,d,t,h,=,"""",1,3,0,"""", ,h,e,i,g,h,t,=,"""",8,6,"""", ,a,l,t,=,"""",T,h,e, ,C,a,n,a,d,i,a,n, ,c,a,n,n,a,b,i,s, ,p,r,o,d,u,c,e,r, ,t,h,a,t, ,w,a,s, ,i,n, ,t,a,l,k,s, ,w,i,t,h, ,C,o,c,a,-,C,o,l,a, ,t,o, ,m,a,k,e, ,a, ,C,B,D,-,i,n,f,u,s,e,d, ,d,r,i,n,k, ,i,s, ,r,e,p,o,r,t,e,d,l,y, ,t,a,r,g,e,t,i,n,g, ,a, ,U,S, ,I,P,O, ,i,n, ,O,c,t,o,b,e,r,"""", ,a,l,i,g,n,=,"""",l,e,f,t,"""", ,t,i,t,l,e,=,"""",T,h,e, ,C,a,n,a,d,i,a,n, ,c,a,n,n,a,b,i,s, ,p,r,o,d,u,c,e,r, ,t,h,a,t, ,w,a,s, ,i,n, ,t,a,l,k,s, ,w,i,t,h, ,C,o,c,a,-,C,o,l,a, ,t,o, ,m,a,k,e, ,a, ,C,B,D,-,i,n,f,u,s,e,d, ,d,r,i,n,k, ,i,s, ,r,e,p,o,r,t,e,d,l,y, ,t,a,r,g,e,t,i,n,g, ,a, ,U,S, ,I,P,O, ,i,n, ,O,c,t,o,b,e,r,"""", ,b,o,r,d,e,r,=,"""",0,"""", ,>,<,/,a,>,A,u,r,o,r,a, ,C,a,n,n,a,b,i,s, ,i,s, ,p,l,a,n,n,i,n,g, ,f,o,r, ,a, ,U,S, ,i,n,i,t,i,a,l, ,p,u,b,l,i,c, ,o,f,f,e,r,i,n,g, ,i,n, ,O,c,t,o,b,e,r,",", ,t,h,e, ,c,o,m,p,a,n,y,',s, ,c,h,i,e,f, ,c,o,r,p,o,r,a,t,e, ,o,f,f,i,c,e,r, ,s,a,i,d,., , ,T,h,e, ,C,a,n,a,d,i,a,n, ,c,a,n,n,a,b,i,s, ,p,r,o,d,u,c,e,r, ,w,a,s, ,r,e,p,o,r,t,e,d,l,y, ,i,n, ,t,a,l,k,s, ,w,i,t,h, ,C,o,c,a,-,C,o,l,a, ,t,o, ,m,a,k,e, ,a, ,C,B,D,-,i,n,f,u,s,e,d, ,d,r,i,n,k,., , ,M,a,r,i,j,u,a,n,a, ,s,t,o,c,k,s, ,h,a,v,e, ,b,e,e,n, ,r,e,d,-,h,o,t, ,a,s, ,o,f, ,l,a,t,e,.,<,p,>,<,b,r, ,c,l,e,a,r,=,"""",a,l,l,"""",>
<,p,>,<,a, ,h,r,e,f,=,"""",h,t,t,p,s,:,/,/,f,i,n,a,n,c,e,.,y,a,h,o,o,.,c,o,m,/,n,e,w,s,/,m,o,r,g,a,n,-,s,t,a,n,l,e,y,-,d,e,a,-,l,i,k,e,l,y,-,r,e,c,l,a,s,s,i,f,y,-,1,3,1,6,4,1,7,6,2,.,h,t,m,l,"""",>,<,i,m,g, ,s,r,c,=,"""","""", ,w,i,d,t,h,=,"""",1,3,0,"""", ,h,e,i,g,h,t,=,"""",8,6,"""", ,a,l,t,=,"""",M,o,r,g,a,n, ,S,t,a,n,l,e,y,:, ,D,E,A, ,L,i,k,e,l,y, ,T,o, ,R,e,c,l,a,s,s,i,f,y, ,G,W, ,P,h,a,r,m,a,',s, ,C,a,n,n,a,b,i,n,o,i,d, ,T,h,e,r,a,p,y, ,F,o,r, ,U,S, ,L,a,u,n,c,h,"""", ,a,l,i,g,n,=,"""",l,e,f,t,"""", ,t,i,t,l,e,=,"""",M,o,r,g,a,n, ,S,t,a,n,l,e,y,:, ,D,E,A, ,L,i,k,e,l,y, ,T,o, ,R,e,c,l,a,s,s,i,f,y, ,G,W, ,P,h,a,r,m,a,',s, ,C,a,n,n,a,b,i,n,o,i,d, ,T,h,e,r,a,p,y, ,F,o,r, ,U,S, ,L,a,u,n,c,h,"""", ,b,o,r,d,e,r,=,"""",0,"""", ,>,<,/,a,>,M,o,r,g,a,n, ,S,t,a,n,l,e,y, ,e,x,p,e,c,t,s, ,t,h,e, ,D,E,A, ,t,o, ,d,r,o,p, ,E,p,i,d,i,o,l,e,x, ,f,r,o,m, ,S,c,h,e,d,u,l,e, ,I, ,—, ,t,h,e, ,s,a,m,e, ,l,e,v,e,l, ,a,s, ,c,o,c,a,i,n,e,",", ,h,e,r,o,i,n, ,a,n,d, ,o,t,h,e,r, ,i,l,l,e,g,a,l, ,s,u,b,s,t,a,n,c,e,s, ,—, ,t,o, ,S,c,h,e,d,u,l,e, ,I,V,",", ,w,h,e,r,e, ,X,a,n,a,x,",", ,A,m,b,i,e,n, ,a,n,d, ,T,r,a,m,a,d,o,l, ,r,a,n,k,., , ,A,t, ,w,o,r,s,t,",", ,i,t, ,w,o,u,l,d, ,f,a,l,l, ,t,o, ,S,c,h,e,d,u,l,e, ,I,I,I, ,a,l,o,n,g,s,i,d,e, ,m,o,d,e,r,a,t,e,l,y, ,t,o, ,l,o,w,l,y, ,a,d,d,i,c,t,i,v,e, ,d,r,u,g,s, ,l,i,k,e, ,c,o,d,e,i,n,e, ,a,n,d, ,a,n,a,b,o,l,i,c, ,s,t,e,r,o,i,d,s,",", ,L,e,b,o,w,i,t,z, ,s,a,i,d,.,<,p,>,<,b,r, ,c,l,e,a,r,=,"""",a,l,l,"""",>
<,p,>,<,a, ,h,r,e,f,=,"""",h,t,t,p,s,:,/,/,f,i,n,a,n,c,e,.,y,a,h,o,o,.,c,o,m,/,n,e,w,s,/,s,t,e,e,l,-,w,o,r,k,e,r,s,-,g,e,a,r,-,s,t,r,i,k,e,-,p,o,t,e,n,t,i,a,l,l,y,-,1,9,2,4,0,0,8,8,7,.,h,t,m,l,"""",>,<,i,m,g, ,s,r,c,=,"""","""", ,w,i,d,t,h,=,"""",1,3,0,"""", ,h,e,i,g,h,t,=,"""",8,6,"""", ,a,l,t,=,"""",S,t,e,e,l, ,w,o,r,k,e,r,s, ,g,e,a,r, ,u,p, ,f,o,r, ,s,t,r,i,k,e,",", ,p,o,t,e,n,t,i,a,l,l,y, ,d,e,r,a,i,l,i,n,g, ,T,r,u,m,p,&,a,p,o,s,;,s, ,s,t,e,e,l, ,r,e,s,u,r,g,e,n,c,e,"""", ,a,l,i,g,n,=,"""",l,e,f,t,"""", ,t,i,t,l,e,=,"""",S,t,e,e,l, ,w,o,r,k,e,r,s, ,g,e,a,r, ,u,p, ,f,o,r, ,s,t,r,i,k,e,",", ,p,o,t,e,n,t,i,a,l,l,y, ,d,e,r,a,i,l,i,n,g, ,T,r,u,m,p,&,a,p,o,s,;,s, ,s,t,e,e,l, ,r,e,s,u,r,g,e,n,c,e,"""", ,b,o,r,d,e,r,=,"""",0,"""", ,>,<,/,a,>,I,t, ,w,o,u,l,d, ,f,o,l,l,o,w,s, ,a,n,o,t,h,e,r, ,s,t,r,i,k,e, ,b,y, ,1,6,",",0,0,0, ,U,.,S,., ,S,t,e,e,l, ,w,o,r,k,e,r,s, ,t,h,a,t, ,w,a,s, ,a,p,p,r,o,v,e,d, ,e,a,r,l,i,e,r, ,t,h,i,s, ,m,o,n,t,h,",", ,a,n,d, ,t,o,g,e,t,h,e,r,",", ,t,h,e,y, ,c,o,u,l,d, ,h,i,n,d,e,r, ,w,h,a,t, ,P,r,e,s,i,d,e,n,t, ,T,r,u,m,p, ,c,a,l,l,s, ,a, ,&,q,u,o,t,;,t,h,r,i,v,i,n,g,&,q,u,o,t,;, ,i,n,d,u,s,t,r,y, ,i,n, ,t,h,e, ,U,.,S,.,<,p,>,<,b,r, ,c,l,e,a,r,=,"""",a,l,l,"""",>
<,p,>,<,a, ,h,r,e,f,=,"""",h,t,t,p,s,:,/,/,f,i,n,a,n,c,e,.,y,a,h,o,o,.,c,o,m,/,n,e,w,s,/,m,i,c,r,o,n,-,p,o,i,s,e,d,-,r,e,p,o,r,t,-,g,r,e,a,t,-,r,e,s,u,l,t,s,-,1,5,5,5,0,0,8,9,1,.,h,t,m,l,"""",>,<,i,m,g, ,s,r,c,=,"""",h,t,t,p,:,/,/,l,1,.,y,i,m,g,.,c,o,m,/,u,u,/,a,p,i,/,r,e,s,/,1,.,2,/,u,0,q,V,S,G,z,p,o,N,Q,W,L,y,e,S,0,5,A,r,D,A,-,-,/,Y,X,B,w,a,W,Q,9,e,X,R,h,Y,2,h,5,b,2,4,7,a,D,0,4,N,j,t,3,P,T,E,z,M,D,s,-,/,h,t,t,p,:,/,/,m,e,d,i,a,.,z,e,n,f,s,.,c,o,m,/,e,n,-,U,S,/,h,o,m,e,r,u,n,/,m,o,t,l,e,y,f,o,o,l,.,c,o,m,/,d,a,1,7,3,c,f,5,6,b,2,e,a,4,e,3,b,7,7,9,6,0,6,8,7,1,4,9,a,9,e,c,"""", ,w,i,d,t,h,=,"""",1,3,0,"""", ,h,e,i,g,h,t,=,"""",8,6,"""", ,a,l,t,=,"""",M,i,c,r,o,n, ,P,o,i,s,e,d, ,t,o, ,R,e,p,o,r,t, ,G,r,e,a,t, ,R,e,s,u,l,t,s,",", ,b,u,t, ,t,h,e, ,O,u,t,l,o,o,k, ,M,a,t,t,e,r,s, ,M,o,r,e,"""", ,a,l,i,g,n,=,"""",l,e,f,t,"""", ,t,i,t,l,e,=,"""",M,i,c,r,o,n, ,P,o,i,s,e,d, ,t,o, ,R,e,p,o,r,t, ,G,r,e,a,t, ,R,e,s,u,l,t,s,",", ,b,u,t, ,t,h,e, ,O,u,t,l,o,o,k, ,M,a,t,t,e,r,s, ,M,o,r,e,"""", ,b,o,r,d,e,r,=,"""",0,"""", ,>,<,/,a,>,A,n,a,l,y,s,t,s, ,a,r,e, ,s,t,a,r,t,i,n,g, ,t,o, ,w,o,r,r,y, ,a,b,o,u,t, ,D,R,A,M, ,p,r,i,c,i,n,g,",", ,p,r,e,d,i,c,t,i,n,g, ,a, ,r,o,u,g,h,e,r, ,2,0,1,9,.,<,p,>,<,b,r, ,c,l,e,a,r,=,"""",a,l,l,"""",>
<,p,>,<,a, ,h,r,e,f,=,"""",h,t,t,p,s,:,/,/,f,i,n,a,n,c,e,.,y,a,h,o,o,.,c,o,m,/,n,e,w,s,/,f,e,e,l,s,-,a,p,p,l,e,-,b,e,i,n,g,-,c,h,e,a,p,-,n,o,t,-,1,2,5,9,4,0,2,6,9,.,h,t,m,l,"""",>,<,i,m,g, ,s,r,c,=,"""",h,t,t,p,:,/,/,l,1,.,y,i,m,g,.,c,o,m,/,u,u,/,a,p,i,/,r,e,s,/,1,.,2,/,5,R,v,z,Y,u,_,7,5,I,P,2,N,b,K,T,I,t,K,O,l,w,-,-,/,Y,X,B,w,a,W,Q,9,e,X,R,h,Y,2,h,5,b,2,4,7,a,D,0,4,N,j,t,3,P,T,E,z,M,D,s,-,/,h,t,t,p,:,/,/,m,e,d,i,a,.,z,e,n,f,s,.,c,o,m,/,e,n,-,U,S,/,h,o,m,e,r,u,n,/,b,u,s,i,n,e,s,s,i,n,s,i,d,e,r,.,c,o,m,/,5,7,f,9,f,7,c,f,f,c,0,9,0,6,f,e,e,4,f,5,5,7,e,3,5,3,d,0,e,b,c,9,"""", ,w,i,d,t,h,=,"""",1,3,0,"""", ,h,e,i,g,h,t,=,"""",8,6,"""", ,a,l,t,=,"""",I,t, ,f,e,e,l,s, ,l,i,k,e, ,A,p,p,l,e, ,i,s, ,b,e,i,n,g, ,c,h,e,a,p, ,b,y, ,n,o,t, ,i,n,c,l,u,d,i,n,g, ,a,n, ,i,m,p,o,r,t,a,n,t, ,a,c,c,e,s,s,o,r,y, ,w,i,t,h, ,t,h,e, ,$,1,",",0,0,0, ,i,P,h,o,n,e, ,X,S,"""", ,a,l,i,g,n,=,"""",l,e,f,t,"""", ,t,i,t,l,e,=,"""",I,t, ,f,e,e,l,s, ,l,i,k,e, ,A,p,p,l,e, ,i,s, ,b,e,i,n,g, ,c,h,e,a,p, ,b,y, ,n,o,t, ,i,n,c,l,u,d,i,n,g, ,a,n, ,i,m,p,o,r,t,a,n,t, ,a,c,c,e,s,s,o,r,y, ,w,i,t,h, ,t,h,e, ,$,1,",",0,0,0, ,i,P,h,o,n,e, ,X,S,"""", ,b,o,r,d,e,r,=,"""",0,"""", ,>,<,/,a,>,A,p,p,l,e,',s, ,n,e,w, ,$,1,",",0,0,0, ,i,P,h,o,n,e, ,X,S, ,d,o,e,s,n,',t, ,c,o,m,e, ,w,i,t,h, ,a, ,f,a,s,t,-,c,h,a,r,g,i,n,g, ,b,r,i,c,k,., , ,Y,o,u,',d, ,n,e,e,d, ,t,o, ,s,p,e,n,d, ,$,7,0, ,o,n, ,t,h,e, ,r,e,l,e,v,a,n,t, ,a,c,c,e,s,s,o,r,i,e,s, ,t,o, ,f,a,s,t,-,c,h,a,r,g,e, ,t,h,e, ,$,1,",",0,0,0, ,i,P,h,o,n,e, ,X,S,., , ,W,i,t,h, ,a, ,s,t,a,r,t,i,n,g, ,p,r,i,c,e, ,o,f, ,$,1,",",0,0,0,",", ,t,h,e, ,i,P,h,o,n,e, ,X,S, ,s,h,o,u,l,d, ,c,o,m,e, ,w,i,t,h, ,a, ,f,a,s,t,-,c,h,a,r,g,i,n,g, ,b,r,i,c,k,.,<,p,>,<,b,r, ,c,l,e,a,r,=,"""",a,l,l,"""",>
<,p,>,<,a, ,h,r,e,f,=,"""",h,t,t,p,s,:,/,/,f,i,n,a,n,c,e,.,y,a,h,o,o,.,c,o,m,/,n,e,w,s,/,t,h,i,n,g,s,-,w,a,s,n,-,t,-,p,r,e,p,a,r,e,d,-,p,u,r,c,h,a,s,e,d,-,0,9,0,0,0,0,5,6,2,.,h,t,m,l,"""",>,<,i,m,g, ,s,r,c,=,"""",h,t,t,p,:,/,/,l,1,.,y,i,m,g,.,c,o,m,/,u,u,/,a,p,i,/,r,e,s,/,1,.,2,/,e,f,o,a,5,Y,N,M,j,v,L,c,3,_,i,s,m,C,F,e,h,A,-,-,/,Y,X,B,w,a,W,Q,9,e,X,R,h,Y,2,h,5,b,2,4,7,a,D,0,4,N,j,t,3,P,T,E,z,M,D,s,-,/,h,t,t,p,:,/,/,m,e,d,i,a,.,z,e,n,f,s,.,c,o,m,/,e,n,-,U,S,/,h,o,m,e,r,u,n,/,g,o,b,a,n,k,i,n,g,r,a,t,e,s,_,6,4,4,/,6,e,7,d,1,e,3,6,8,4,9,5,b,d,0,f,9,2,e,a,0,d,f,5,5,c,b,8,0,a,3,7,"""", ,w,i,d,t,h,=,"""",1,3,0,"""", ,h,e,i,g,h,t,=,"""",8,6,"""", ,a,l,t,=,"""",T,h,e, ,T,h,i,n,g,s, ,I, ,W,a,s,n,’,t, ,P,r,e,p,a,r,e,d, ,f,o,r, ,W,h,e,n, ,I, ,P,u,r,c,h,a,s,e,d, ,M,y, ,H,o,m,e,"""", ,a,l,i,g,n,=,"""",l,e,f,t,"""", ,t,i,t,l,e,=,"""",T,h,e, ,T,h,i,n,g,s, ,I, ,W,a,s,n,’,t, ,P,r,e,p,a,r,e,d, ,f,o,r, ,W,h,e,n, ,I, ,P,u,r,c,h,a,s,e,d, ,M,y, ,H,o,m,e,"""", ,b,o,r,d,e,r,=,"""",0,"""", ,>,<,/,a,>,T,h,i,s, ,f,a,m,i,l,y, ,s,h,a,r,e,s, ,s,o,m,e, ,v,a,l,u,a,b,l,e, ,t,a,k,e,a,w,a,y,s, ,f,r,o,m, ,b,u,y,i,n,g, ,a, ,h,o,m,e,.,<,p,>,<,b,r, ,c,l,e,a,r,=,"""",a,l,l,"""",>
<,p,>,<,a, ,h,r,e,f,=,"""",h,t,t,p,s,:,/,/,f,i,n,a,n,c,e,.,y,a,h,o,o,.,c,o,m,/,n,e,w,s,/,l,o,o,k,s,-,n,i,n,t,e,n,d,o,-,c,o,u,l,d,-,r,e,l,e,a,s,e,-,m,i,n,i,a,t,u,r,e,-,1,7,3,3,0,0,0,1,1,.,h,t,m,l,"""",>,<,i,m,g, ,s,r,c,=,"""",h,t,t,p,:,/,/,l,.,y,i,m,g,.,c,o,m,/,u,u,/,a,p,i,/,r,e,s,/,1,.,2,/,D,3,Z,z,7,x,q,L,A,N,l,w,i,z,B,S,a,S,8,s,D,Q,-,-,/,Y,X,B,w,a,W,Q,9,e,X,R,h,Y,2,h,5,b,2,4,7,a,D,0,4,N,j,t,3,P,T,E,z,M,D,s,-,/,h,t,t,p,:,/,/,m,e,d,i,a,.,z,e,n,f,s,.,c,o,m,/,e,n,-,U,S,/,h,o,m,e,r,u,n,/,b,u,s,i,n,e,s,s,i,n,s,i,d,e,r,.,c,o,m,/,d,8,0,5,b,3,a,8,3,b,7,4,7,2,d,d,b,2,0,5,d,c,7,2,5,7,2,4,0,7,c,6,"""", ,w,i,d,t,h,=,"""",1,3,0,"""", ,h,e,i,g,h,t,=,"""",8,6,"""", ,a,l,t,=,"""",I,t, ,l,o,o,k,s, ,l,i,k,e, ,N,i,n,t,e,n,d,o, ,c,o,u,l,d, ,r,e,l,e,a,s,e, ,a, ,m,i,n,i,a,t,u,r,e, ,N,i,n,t,e,n,d,o, ,6,4, ,c,o,n,s,o,l,e, ,t,o, ,c,o,m,p,e,t,e, ,w,i,t,h, ,t,h,e, ,n,e,w, ,S,o,n,y, ,P,l,a,y,S,t,a,t,i,o,n, ,C,l,a,s,s,i,c, ,(,N,T,D,O,Y,),"""", ,a,l,i,g,n,=,"""",l,e,f,t,"""", ,t,i,t,l,e,=,"""",I,t, ,l,o,o,k,s, ,l,i,k,e, ,N,i,n,t,e,n,d,o, ,c,o,u,l,d, ,r,e,l,e,a,s,e, ,a, ,m,i,n,i,a,t,u,r,e, ,N,i,n,t,e,n,d,o, ,6,4, ,c,o,n,s,o,l,e, ,t,o, ,c,o,m,p,e,t,e, ,w,i,t,h, ,t,h,e, ,n,e,w, ,S,o,n,y, ,P,l,a,y,S,t,a,t,i,o,n, ,C,l,a,s,s,i,c, ,(,N,T,D,O,Y,),"""", ,b,o,r,d,e,r,=,"""",0,"""", ,>,<,/,a,>,N,i,n,t,e,n,d,o,',s, ,g,o,t, ,a, ,h,o,t, ,c,o,n,s,o,l,e, ,i,n, ,t,h,e, ,N,i,n,t,e,n,d,o, ,S,w,i,t,c,h,",", ,w,h,i,c,h, ,l,a,u,n,c,h,e,d, ,l,a,s,t, ,y,e,a,r,., , ,I,t, ,i,s,",", ,f,o,r, ,a,l,l, ,i,n,t,e,n,t,s, ,a,n,d, ,p,u,r,p,o,s,e,s,",", ,N,i,n,t,e,n,d,o,',s, ,m,a,i,n, ,p,r,o,d,u,c,t,., , ,H,i,l,a,r,i,o,u,s,l,y,",", ,t,h,i,s, ,w,o,u,l,d, ,b,e, ,a, ,p,e,r,f,e,c,t, ,t,h,r,o,w,b,a,c,k, ,t,o, ,t,h,e, ,o,r,i,g,i,n,a,l, ,s,h,o,w,d,o,w,n, ,b,e,t,w,e,e,n, ,t,h,e, ,P,l,a,y,S,t,a,t,i,o,n, ,1, ,a,n,d, ,N,i,n,t,e,n,d,o, ,6,4, ,b,a,c,k, ,i,n, ,t,h,e, ,m,i,d,-,',9,0,s,.,<,p,>,<,b,r, ,c,l,e,a,r,=,"""",a,l,l,"""",>
<,p,>,<,a, ,h,r,e,f,=,"""",h,t,t,p,s,:,/,/,f,i,n,a,n,c,e,.,y,a,h,o,o,.,c,o,m,/,n,e,w,s,/,1,0,-,b,i,l,l,i,o,n,-,m,a,r,i,j,u,a,n,a,-,p,r,o,d,u,c,e,r,-,j,u,s,t,-,1,4,0,9,0,0,2,8,6,.,h,t,m,l,"""",>,<,i,m,g, ,s,r,c,=,"""",h,t,t,p,:,/,/,l,1,.,y,i,m,g,.,c,o,m,/,u,u,/,a,p,i,/,r,e,s,/,1,.,2,/,T,y,x,3,w,9,f,_,T,2,1,a,b,q,V,U,m,G,X,x,z,w,-,-,/,Y,X,B,w,a,W,Q,9,e,X,R,h,Y,2,h,5,b,2,4,7,a,D,0,4,N,j,t,3,P,T,E,z,M,D,s,-,/,h,t,t,p,:,/,/,m,e,d,i,a,.,z,e,n,f,s,.,c,o,m,/,e,n,-,U,S,/,h,o,m,e,r,u,n,/,b,u,s,i,n,e,s,s,i,n,s,i,d,e,r,.,c,o,m,/,9,3,a,0,3,c,5,5,8,1,6,9,5,4,8,b,1,8,6,e,a,2,b,3,c,9,1,2,9,b,3,c,"""", ,w,i,d,t,h,=,"""",1,3,0,"""", ,h,e,i,g,h,t,=,"""",8,6,"""", ,a,l,t,=,"""",A, ,$,1,0, ,b,i,l,l,i,o,n, ,m,a,r,i,j,u,a,n,a, ,p,r,o,d,u,c,e,r, ,j,u,s,t, ,s,p,u,n, ,o,f,f, ,i,t,s, ,v,e,n,t,u,r,e, ,a,r,m, ,i,n, ,t,h,e, ,h,o,p,e,s, ,i,t, ,w,i,l,l, ,b,e,c,o,m,e, ,t,h,e, ,&,a,p,o,s,;,G,o,o,g,l,e, ,V,e,n,t,u,r,e,s, ,o,f, ,c,a,n,n,a,b,i,s,&,a,p,o,s,;, ,(,R,I,V,),"""", ,a,l,i,g,n,=,"""",l,e,f,t,"""", ,t,i,t,l,e,=,"""",A, ,$,1,0, ,b,i,l,l,i,o,n, ,m,a,r,i,j,u,a,n,a, ,p,r,o,d,u,c,e,r, ,j,u,s,t, ,s,p,u,n, ,o,f,f, ,i,t,s, ,v,e,n,t,u,r,e, ,a,r,m, ,i,n, ,t,h,e, ,h,o,p,e,s, ,i,t, ,w,i,l,l, ,b,e,c,o,m,e, ,t,h,e, ,&,a,p,o,s,;,G,o,o,g,l,e, ,V,e,n,t,u,r,e,s, ,o,f, ,c,a,n,n,a,b,i,s,&,a,p,o,s,;, ,(,R,I,V,),"""", ,b,o,r,d,e,r,=,"""",0,"""", ,>,<,/,a,>,C,a,n,o,p,y, ,R,i,v,e,r,s,",", ,t,h,e, ,v,e,n,t,u,r,e,-,c,a,p,i,t,a,l, ,a,r,m, ,o,f, ,C,a,n,o,p,y, ,G,r,o,w,t,h,",", ,m,a,d,e, ,i,t,s, ,d,e,b,u,t, ,o,n, ,t,h,e, ,T,o,r,o,n,t,o, ,S,t,o,c,k, ,E,x,c,h,a,n,g,e, ,T,h,u,r,s,d,a,y, ,m,o,r,n,i,n,g, ,a,t, ,$,1,8,.,4,4, ,p,e,r, ,s,h,a,r,e,., , ,T,h,e, ,c,o,m,p,a,n,y,",", ,w,h,i,c,h, ,m,a,k,e,s, ,m,i,n,o,r,i,t,y, ,i,n,v,e,s,t,m,e,n,t,s, ,i,n, ,b,u,r,g,e,o,n,i,n,g, ,m,a,r,i,j,u,a,n,a, ,c,o,m,p,a,n,i,e,s,",", ,i,n, ,a,n, ,a,t,t,e,m,p,t, ,t,o, ,b,e,c,o,m,e, ,t,h,e, ,"""",G,o,o,g,l,e, ,V,e,n,t,u,r,e,s, ,o,f, ,c,a,n,n,a,b,i,s,",","""", ,f,o,u,n,d, ,i,t,s, ,w,a,y, ,o,n,t,o, ,t,h,e, ,e,x,c,h,a,n,g,e, ,v,i,a, ,a, ,r,e,v,e,r,s,e, ,t,a,k,e,o,v,e,r, ,w,i,t,h, ,a, ,c,o,m,p,a,n,y, ,f,o,r,m,e,r,l,y, ,k,n,o,w,n, ,a,s, ,A,I,M,2, ,V,e,n,t,u,r,e,s,.,<,p,>,<,b,r, ,c,l,e,a,r,=,"""",a,l,l,"""",>
<,p,>,<,a, ,h,r,e,f,=,"""",h,t,t,p,s,:,/,/,f,i,n,a,n,c,e,.,y,a,h,o,o,.,c,o,m,/,v,i,d,e,o,/,t,r,u,m,p,-,l,o,n,g,-,m,a,n,a,f,o,r,t,-,t,e,l,l,s,-,t,r,u,t,h,-,1,4,5,4,0,0,9,5,9,.,h,t,m,l,"""",>,<,i,m,g, ,s,r,c,=,"""",h,t,t,p,:,/,/,l,2,.,y,i,m,g,.,c,o,m,/,u,u,/,a,p,i,/,r,e,s,/,1,.,2,/,b,2,f,o,p,z,Q,Z,V,g,U,g,e,e,Q,5,w,D,f,e,O,w,-,-,/,Y,X,B,w,a,W,Q,9,e,X,R,h,Y,2,h,5,b,2,4,7,a,D,0,4,N,j,t,3,P,T,E,z,M,D,s,-,/,h,t,t,p,:,/,/,m,e,d,i,a,.,z,e,n,f,s,.,c,o,m,/,e,n,-,U,S,/,v,i,d,e,o,/,v,i,d,e,o,.,c,n,b,c,2,.,c,o,m,/,b,6,e,5,8,7,8,8,0,4,d,2,4,8,9,a,5,c,5,a,0,2,f,4,a,5,a,7,1,f,5,4,"""", ,w,i,d,t,h,=,"""",1,3,0,"""", ,h,e,i,g,h,t,=,"""",8,6,"""", ,a,l,t,=,"""",T,r,u,m,p,:, ,A,s, ,l,o,n,g, ,a,s, ,M,a,n,a,f,o,r,t, ,t,e,l,l,s, ,t,h,e, ,t,r,u,t,h,",", ,i,t,&,#,3,9,;,s, ,1,0,0, ,p,e,r,c,.,.,.,"""", ,a,l,i,g,n,=,"""",l,e,f,t,"""", ,t,i,t,l,e,=,"""",T,r,u,m,p,:, ,A,s, ,l,o,n,g, ,a,s, ,M,a,n,a,f,o,r,t, ,t,e,l,l,s, ,t,h,e, ,t,r,u,t,h,",", ,i,t,&,#,3,9,;,s, ,1,0,0, ,p,e,r,c,.,.,.,"""", ,b,o,r,d,e,r,=,"""",0,"""", ,>,<,/,a,>,P,r,e,s,i,d,e,n,t, ,T,r,u,m,p, ,s,p,e,a,k,s, ,o,n, ,B,r,e,t,t, ,K,a,v,a,n,a,u,g,h,&,#,3,9,;,s, ,c,o,n,f,i,r,m,a,t,i,o,n, ,h,e,a,r,i,n,g,",", ,A,t,t,o,r,n,e,y, ,G,e,n,e,r,a,l, ,J,e,f,f, ,S,e,s,s,i,o,n,s,",", ,N,o,r,t,h, ,a,n,d, ,S,o,u,t,h, ,K,o,r,e,a,&,#,3,9,;,s, ,a,m,e,n,d,s, ,a,h,e,a,d, ,o,f, ,h,i,s, ,d,e,p,a,r,t,u,r,e, ,t,o, ,N,o,r,t,h, ,C,a,r,o,l,i,n,a, ,t,o, ,s,e,e, ,t,h,e, ,d,a,m,a,g,e, ,f,r,o,m, ,H,u,r,r,i,c,a,n,e, ,F,l,o,r,e,n,c,e,.,<,p,>,<,b,r, ,c,l,e,a,r,=,"""",a,l,l,"""",>
<,p,>,<,a, ,h,r,e,f,=,"""",h,t,t,p,s,:,/,/,f,i,n,a,n,c,e,.,y,a,h,o,o,.,c,o,m,/,n,e,w,s,/,w,h,y,-,b,e,a,r,s,-,w,r,o,n,g,-,i,q,i,y,i,-,s,t,o,c,k,-,1,0,0,0,0,0,2,5,4,.,h,t,m,l,"""",>,<,i,m,g, ,s,r,c,=,"""",h,t,t,p,:,/,/,l,.,y,i,m,g,.,c,o,m,/,u,u,/,a,p,i,/,r,e,s,/,1,.,2,/,J,j,e,2,7,Z,D,6,V,C,I,.,Z,V,Z,8,f,O,J,U,T,w,-,-,/,Y,X,B,w,a,W,Q,9,e,X,R,h,Y,2,h,5,b,2,4,7,a,D,0,4,N,j,t,3,P,T,E,z,M,D,s,-,/,h,t,t,p,:,/,/,m,e,d,i,a,.,z,e,n,f,s,.,c,o,m,/,e,n,-,U,S,/,h,o,m,e,r,u,n,/,m,o,t,l,e,y,f,o,o,l,.,c,o,m,/,8,2,3,d,c,c,d,7,e,0,8,1,7,d,b,d,c,3,1,d,5,7,b,4,b,5,e,d,6,4,a,5,"""", ,w,i,d,t,h,=,"""",1,3,0,"""", ,h,e,i,g,h,t,=,"""",8,6,"""", ,a,l,t,=,"""",W,h,y, ,t,h,e, ,B,e,a,r,s, ,A,r,e, ,W,r,o,n,g, ,A,b,o,u,t, ,i,Q,i,y,i, ,S,t,o,c,k,"""", ,a,l,i,g,n,=,"""",l,e,f,t,"""", ,t,i,t,l,e,=,"""",W,h,y, ,t,h,e, ,B,e,a,r,s, ,A,r,e, ,W,r,o,n,g, ,A,b,o,u,t, ,i,Q,i,y,i, ,S,t,o,c,k,"""", ,b,o,r,d,e,r,=,"""",0,"""", ,>,<,/,a,>,i,Q,i,y,i, ,i,s,n,&,a,p,o,s,;,t, ,a, ,s,a,f,e, ,s,t,o,c,k,",", ,b,u,t, ,t,h,e, ,u,p,s,i,d,e, ,o,u,t,w,e,i,g,h,s, ,t,h,e, ,r,i,s,k,.,<,p,>,<,b,r, ,c,l,e,a,r,=,"""",a,l,l,"""",>
<,p,>,<,a, ,h,r,e,f,=,"""",h,t,t,p,s,:,/,/,f,i,n,a,n,c,e,.,y,a,h,o,o,.,c,o,m,/,n,e,w,s,/,s,u,r,f,a,c,e,-,o,n,c,o,l,o,g,y,-,o,f,f,e,r,s,-,r,o,b,u,s,t,-,p,i,p,e,l,i,n,e,-,1,9,4,3,0,1,1,3,1,.,h,t,m,l,"""",>,<,i,m,g, ,s,r,c,=,"""","""", ,w,i,d,t,h,=,"""",1,3,0,"""", ,h,e,i,g,h,t,=,"""",8,6,"""", ,a,l,t,=,"""",S,u,r,f,a,c,e, ,O,n,c,o,l,o,g,y, ,O,f,f,e,r,s, ,',R,o,b,u,s,t, ,P,i,p,e,l,i,n,e,",",', ,B,a,i,r,d, ,S,a,y,s, ,I,n, ,B,u,l,l,i,s,h, ,I,n,i,t,i,a,t,i,o,n,"""", ,a,l,i,g,n,=,"""",l,e,f,t,"""", ,t,i,t,l,e,=,"""",S,u,r,f,a,c,e, ,O,n,c,o,l,o,g,y, ,O,f,f,e,r,s, ,',R,o,b,u,s,t, ,P,i,p,e,l,i,n,e,",",', ,B,a,i,r,d, ,S,a,y,s, ,I,n, ,B,u,l,l,i,s,h, ,I,n,i,t,i,a,t,i,o,n,"""", ,b,o,r,d,e,r,=,"""",0,"""", ,>,<,/,a,>,I,n, ,t,h,e, ,n,e,x,t, ,f,e,w, ,y,e,a,r,s,",", ,U,l,z, ,s,a,i,d, ,h,e, ,a,n,t,i,c,i,p,a,t,e,s, ,"""",m,e,a,n,i,n,g,f,u,l, ,u,p,s,i,d,e,"""", ,s,t,e,m,m,i,n,g, ,f,r,o,m, ,e,a,r,l,y, ,c,l,i,n,i,c,a,l, ,d,a,t,a, ,o,n, ,a,n,t,i,b,o,d,i,e,s, ,t,h,a,t, ,i,n,h,i,b,i,t, ,C,D,4,7,",", ,s,u,c,h, ,a,s, ,S,R,F,2,3,1,., , ,T,h,e, ,d,r,u,g, ,h,a,s, ,b,r,o,a,d, ,u,t,i,l,i,t,y, ,a,n,d, ,a, ,d,i,f,f,e,r,e,n,t,i,a,t,e,d, ,s,a,f,e,t,y, ,p,r,o,f,i,l,e,",", ,U,l,z, ,s,a,i,d,., , ,A, ,N,o,v,a,r,t,i,s, ,A,G, ,(,N,Y,S,E,:, ,N,V,S,), ,p,a,r,t,n,e,r,s,h,i,p, ,s,h,o,u,l,d, ,t,a,r,g,e,t, ,t,h,e, ,a,d,e,n,o,s,i,n,e, ,p,a,t,h,w,a,y,",", ,l,e,a,d,i,n,g, ,t,o, ,i,m,m,u,n,o,s,u,p,p,r,e,s,s,i,o,n,",", ,U,l,z, ,s,a,i,d,.,<,p,>,<,b,r, ,c,l,e,a,r,=,"""",a,l,l,"""",>
<,p,>,<,a, ,h,r,e,f,=,"""",h,t,t,p,s,:,/,/,f,i,n,a,n,c,e,.,y,a,h,o,o,.,c,o,m,/,n,e,w,s,/,a,i,r,-,f,o,r,c,e,-,w,a,n,t,s,-,m,o,r,e,-,p,l,a,n,e,s,-,1,9,4,5,0,6,3,3,3,.,h,t,m,l,"""",>,<,i,m,g, ,s,r,c,=,"""",h,t,t,p,:,/,/,l,.,y,i,m,g,.,c,o,m,/,u,u,/,a,p,i,/,r,e,s,/,1,.,2,/,S,O,o,g,W,B,U,X,I,Y,q,E,9,2,2,D,l,O,A,8,q,A,-,-,/,Y,X,B,w,a,W,Q,9,e,X,R,h,Y,2,h,5,b,2,4,7,a,D,0,4,N,j,t,3,P,T,E,z,M,D,s,-,/,h,t,t,p,:,/,/,m,e,d,i,a,.,z,e,n,f,s,.,c,o,m,/,e,n,-,U,S,/,h,o,m,e,r,u,n,/,u,s,.,f,i,n,a,n,c,e,.,t,h,e,f,i,s,c,a,l,t,i,m,e,s,/,2,5,0,4,b,2,a,4,9,a,2,e,1,5,9,6,4,0,d,2,f,5,3,0,8,e,4,f,1,9,5,9,"""", ,w,i,d,t,h,=,"""",1,3,0,"""", ,h,e,i,g,h,t,=,"""",8,6,"""", ,a,l,t,=,"""",T,h,e, ,A,i,r, ,F,o,r,c,e, ,W,a,n,t,s, ,M,o,r,e, ,P,l,a,n,e,s, ,–, ,a,n,d, ,a, ,L,o,t, ,M,o,r,e, ,M,o,n,e,y,"""", ,a,l,i,g,n,=,"""",l,e,f,t,"""", ,t,i,t,l,e,=,"""",T,h,e, ,A,i,r, ,F,o,r,c,e, ,W,a,n,t,s, ,M,o,r,e, ,P,l,a,n,e,s, ,–, ,a,n,d, ,a, ,L,o,t, ,M,o,r,e, ,M,o,n,e,y,"""", ,b,o,r,d,e,r,=,"""",0,"""", ,>,<,/,a,>,T,h,e, ,A,i,r, ,F,o,r,c,e, ,i,s, ,7,1, ,y,e,a,r,s, ,o,l,d, ,t,o,d,a,y,",", ,a,n,d, ,i,t,s, ,b,i,r,t,h,d,a,y, ,w,i,s,h, ,l,i,s,t, ,i,s, ,a, ,d,o,o,z,y,., , ,S,a,y,i,n,g, ,t,h,a,t, ,g,r,o,w,i,n,g, ,t,h,r,e,a,t,s, ,f,r,o,m, ,C,h,i,n,a, ,a,n,d, ,R,u,s,s,i,a, ,c,a,l,l, ,f,o,r, ,a, ,s,u,b,s,t,a,n,t,i,a,l, ,i,n,c,r,e,a,s,e, ,i,n, ,U,.,S,., ,a,i,r, ,p,o,w,e,r,",", ,A,i,r, ,F,o,r,c,e, ,S,e,c,r,e,t,a,r,y, ,H,e,a,t,h,e,r, ,W,i,l,s,o,n, ,s,a,i,d, ,M,o,n,d,a,y, ,t,h,a,t, ,s,h,e, ,w,o,u,l,d, ,l,i,k,e, ,t,o, ,s,e,e, ,7,4, ,m,o,r,e, ,s,q,u,a,d,r,o,n,s, ,d,e,p,l,o,y,e,d, ,b,y, ,2,0,3,0,., , ,T,h,e, ,c,u,r,r,e,n,t, ,f,o,r,c,e, ,s,t,r,u,c,t,u,r,e, ,o,f, ,3,1,2, ,s,q,u,a,d,r,o,n,s, ,i,s, ,t,o,o, ,s,m,a,l,l, ,t,o, ,m,e,e,t, ,e,v,e,n, ,t,h,e, ,c,u,r,r,e,n,t, ,m,i,s,s,i,o,n, ,f,o,c,u,s,e,d, ,o,n, ,c,o,u,n,t,e,r,t,e,r,r,o,r,i,s,m, ,i,n, ,t,h,e, ,M,i,d,d,l,e, ,E,a,s,t,",", ,W,i,l,s,o,n, ,s,a,i,d, ,a,t, ,t,h,e, ,A,i,r, ,F,o,r,c,e, ,A,s,s,o,c,i,a,t,i,o,n,’,s, ,A,i,r,",", ,S,p,a,c,e,",", ,C,y,b,e,r, ,C,o,n,f,e,r,e,n,c,e, ,o,u,t,s,i,d,e, ,W,a,s,h,i,n,g,t,o,n,.,<,p,>,<,b,r, ,c,l,e,a,r,=,"""",a,l,l,"""",>
<,p,>,<,a, ,h,r,e,f,=,"""",h,t,t,p,s,:,/,/,f,i,n,a,n,c,e,.,y,a,h,o,o,.,c,o,m,/,v,i,d,e,o,/,n,i,k,e,-,s,t,o,c,k,-,s,u,r,g,e,s,-,a,l,o,n,g,-,s,u,p,p,o,r,t,-,2,2,4,0,0,0,0,6,5,.,h,t,m,l,"""",>,<,i,m,g, ,s,r,c,=,"""",h,t,t,p,:,/,/,l,1,.,y,i,m,g,.,c,o,m,/,u,u,/,a,p,i,/,r,e,s,/,1,.,2,/,r,5,4,g,M,J,b,O,u,q,x,B,Z,D,i,7,u,k,8,i,3,w,-,-,/,Y,X,B,w,a,W,Q,9,e,X,R,h,Y,2,h,5,b,2,4,7,a,D,0,4,N,j,t,3,P,T,E,z,M,D,s,-,/,h,t,t,p,:,/,/,m,e,d,i,a,.,z,e,n,f,s,.,c,o,m,/,e,n,-,U,S,/,v,i,d,e,o,/,g,o,b,a,n,k,i,n,g,r,a,t,e,s,_,6,4,4,/,3,f,8,5,e,e,6,6,e,5,9,3,f,2,4,9,8,a,2,f,4,7,2,5,8,7,3,2,1,9,7,4,"""", ,w,i,d,t,h,=,"""",1,3,0,"""", ,h,e,i,g,h,t,=,"""",8,6,"""", ,a,l,t,=,"""",N,i,k,e,’,s, ,S,t,o,c,k, ,S,u,r,g,e,s, ,A,l,o,n,g, ,W,i,t,h, ,S,u,p,p,o,r,t, ,f,o,r, ,K,a,e,p,e,r,n,i,c,k, ,A,d,"""", ,a,l,i,g,n,=,"""",l,e,f,t,"""", ,t,i,t,l,e,=,"""",N,i,k,e,’,s, ,S,t,o,c,k, ,S,u,r,g,e,s, ,A,l,o,n,g, ,W,i,t,h, ,S,u,p,p,o,r,t, ,f,o,r, ,K,a,e,p,e,r,n,i,c,k, ,A,d,"""", ,b,o,r,d,e,r,=,"""",0,"""", ,>,<,/,a,>,T,h,e, ,y,o,u,t,h, ,i,s, ,s,t,a,n,d,i,n,g, ,b,e,h,i,n,d, ,N,i,k,e, ,a,n,d, ,i,t,s, ,d,e,c,i,s,i,o,n, ,t,o, ,p,l,a,c,e, ,C,o,l,i,n, ,K,a,e,p,e,r,n,i,c,k, ,a,s, ,t,h,e, ,f,a,c,e, ,o,f, ,t,h,e,i,r, ,&,q,u,o,t,;,J,u,s,t, ,D,o, ,I,t,&,q,u,o,t,;, ,c,a,m,p,a,i,g,n,., ,A,n,d, ,t,h,a,t, ,s,u,p,p,o,r,t, ,i,s, ,t,r,a,n,s,l,a,t,i,n,g, ,t,o, ,d,o,l,l,a,r,s,., ,N,o,t, ,o,n,l,y, ,h,a,s, ,t,h,e, ,c,o,m,p,a,n,y,&,#,3,9,;,s, ,s,a,l,e,s, ,i,n,c,r,e,a,s,e,d,",", ,b,u,t, ,a,l,s,o,",", ,i,t,s, ,s,t,o,c,k, ,h,a,s, ,c,l,o,s,e,d, ,a,t, ,a,n, ,a,l,l,-,t,i,m,e, ,h,i,g,h,.,<,p,>,<,b,r, ,c,l,e,a,r,=,"""",a,l,l,"""",>
<,p,>,<,a, ,h,r,e,f,=,"""",h,t,t,p,s,:,/,/,f,i,n,a,n,c,e,.,y,a,h,o,o,.,c,o,m,/,n,e,w,s,/,b,r,a,z,i,l,-,d,i,e,s,e,l,-,s,u,b,s,i,d,y,-,p,r,o,g,r,a,m,-,t,h,r,e,a,t,e,n,s,-,1,7,4,1,4,6,5,0,2,.,h,t,m,l,"""",>,<,i,m,g, ,s,r,c,=,"""","""", ,w,i,d,t,h,=,"""",1,3,0,"""", ,h,e,i,g,h,t,=,"""",8,6,"""", ,a,l,t,=,"""",B,r,a,z,i,l, ,d,i,e,s,e,l, ,s,u,b,s,i,d,y, ,p,r,o,g,r,a,m, ,t,h,r,e,a,t,e,n,s, ,P,e,t,r,o,b,r,a,s,",", ,m,a,r,k,e,t, ,-,F,C,S,t,o,n,e,"""", ,a,l,i,g,n,=,"""",l,e,f,t,"""", ,t,i,t,l,e,=,"""",B,r,a,z,i,l, ,d,i,e,s,e,l, ,s,u,b,s,i,d,y, ,p,r,o,g,r,a,m, ,t,h,r,e,a,t,e,n,s, ,P,e,t,r,o,b,r,a,s,",", ,m,a,r,k,e,t, ,-,F,C,S,t,o,n,e,"""", ,b,o,r,d,e,r,=,"""",0,"""", ,>,<,/,a,>,B,r,a,z,i,l, ,c,o,u,l,d, ,f,a,c,e, ,a, , ,d,i,e,s,e,l, ,s,h,o,r,t,a,g,e, ,a,t, ,t,h,e, ,e,n,d, ,o,f, ,2,0,1,8, ,a,s, ,a, ,r,e,s,u,l,t, ,o,f, ,t,h,e, , ,g,o,v,e,r,n,m,e,n,t,',s, ,m,i,s,p,r,i,c,e,d, ,s,u,b,s,i,d,y, ,p,r,o,g,r,a,m, ,w,h,i,c,h, ,h,a,s, ,d,i,s,c,o,u,r,a,g,e,d, , ,s,u,p,p,l,i,e,r,s,",", ,a,n,d, ,t,h,e, ,s,t,a,t,e,-,c,o,n,t,r,o,l,l,e,d, ,o,i,l, ,c,o,m,p,a,n,y, ,P,e,t,r,o,l,e,o, , ,B,r,a,s,i,l,e,i,r,o, ,S,A, ,m,a,y, ,b,e, ,f,o,r,c,e,d, ,t,o, ,s,e,l,l, ,d,i,e,s,e,l, ,a,t, ,a, ,l,o,s,s,",", , ,b,r,o,k,e,r, ,I,N,T,L, ,F,C,S,t,o,n,e, ,s,a,i,d, ,o,n, ,T,u,e,s,d,a,y,., , ,B,r,a,z,i,l,',s, ,o,i,l, ,i,n,d,u,s,t,r,y, ,r,e,g,u,l,a,t,o,r, ,A,N,P, ,s,a,i,d, ,i,t, ,a,p,p,r,o,v,e,d, ,t,h,e, , ,p,a,y,m,e,n,t, ,o,f, ,8,7,1,.,5, ,m,i,l,l,i,o,n, ,r,e,a,i,s, ,t,o, ,P,e,t,r,o,b,r,a,s, ,o,n, ,T,u,e,s,d,a,y, ,t,o, , ,c,o,m,p,e,n,s,a,t,e, ,f,o,r, ,t,h,e, ,d,i,e,s,e,l, ,s,u,b,s,i,d,y,.,<,p,>,<,b,r, ,c,l,e,a,r,=,"""",a,l,l,"""",>
<,p,>,<,a, ,h,r,e,f,=,"""",h,t,t,p,s,:,/,/,f,i,n,a,n,c,e,.,y,a,h,o,o,.,c,o,m,/,n,e,w,s,/,l,i,b,e,r,t,y,-,b,r,a,v,e,s,-,l,o,o,k,i,n,g,-,e,v,e,n,-,b,e,t,t,e,r,-,1,9,0,6,0,0,7,9,4,.,h,t,m,l,"""",>,<,i,m,g, ,s,r,c,=,"""",h,t,t,p,:,/,/,l,2,.,y,i,m,g,.,c,o,m,/,u,u,/,a,p,i,/,r,e,s,/,1,.,2,/,f,v,9,6,R,y,p,.,A,X,a,O,_,3,_,l,c,M,N,K,R,A,-,-,/,Y,X,B,w,a,W,Q,9,e,X,R,h,Y,2,h,5,b,2,4,7,a,D,0,4,N,j,t,3,P,T,E,z,M,D,s,-,/,h,t,t,p,:,/,/,m,e,d,i,a,.,z,e,n,f,s,.,c,o,m,/,e,n,-,U,S,/,h,o,m,e,r,u,n,/,m,o,t,l,e,y,f,o,o,l,.,c,o,m,/,3,9,e,d,5,a,8,0,b,2,e,e,4,a,0,f,1,6,e,5,6,1,e,e,4,9,e,3,c,d,f,7,"""", ,w,i,d,t,h,=,"""",1,3,0,"""", ,h,e,i,g,h,t,=,"""",8,6,"""", ,a,l,t,=,"""",L,i,b,e,r,t,y, ,B,r,a,v,e,s,:, ,L,o,o,k,i,n,g, ,E,v,e,n, ,B,e,t,t,e,r, ,T,h,a,n,k,s, ,t,o, ,a, ,S,t,r,o,n,g, ,2,0,1,8, ,C,a,m,p,a,i,g,n,"""", ,a,l,i,g,n,=,"""",l,e,f,t,"""", ,t,i,t,l,e,=,"""",L,i,b,e,r,t,y, ,B,r,a,v,e,s,:, ,L,o,o,k,i,n,g, ,E,v,e,n, ,B,e,t,t,e,r, ,T,h,a,n,k,s, ,t,o, ,a, ,S,t,r,o,n,g, ,2,0,1,8, ,C,a,m,p,a,i,g,n,"""", ,b,o,r,d,e,r,=,"""",0,"""", ,>,<,/,a,>,T,h,e, ,A,t,l,a,n,t,a, ,B,r,a,v,e,s, ,l,o,o,k, ,t,o, ,b,e, ,p,l,a,y,o,f,f,-,b,o,u,n,d, ,i,n, ,2,0,1,8,",", ,w,h,i,l,e, ,d,e,m,a,n,d, ,f,o,r, ,s,p,a,c,e, ,i,n, ,T,h,e, ,B,a,t,t,e,r,y, ,A,t,l,a,n,t,a, ,h,a,s, ,b,e,e,n, ,s,t,r,o,n,g,., ,B,o,t,h, ,f,a,c,t,o,r,s, ,s,h,o,u,l,d, ,u,n,l,o,c,k, ,m,o,r,e, ,u,p,s,i,d,e, ,f,o,r, ,L,i,b,e,r,t,y, ,B,r,a,v,e,s, ,s,t,o,c,k,.,<,p,>,<,b,r, ,c,l,e,a,r,=,"""",a,l,l,"""",>
<,p,>,<,a, ,h,r,e,f,=,"""",h,t,t,p,s,:,/,/,f,i,n,a,n,c,e,.,y,a,h,o,o,.,c,o,m,/,n,e,w,s,/,v,s,m,p,o,-,a,v,i,s,m,a,-,b,o,e,i,n,g,-,l,a,u,n,c,h,-,t,i,t,a,n,i,u,m,-,1,7,5,6,1,5,2,4,4,.,h,t,m,l,"""",>,<,i,m,g, ,s,r,c,=,"""","""", ,w,i,d,t,h,=,"""",1,3,0,"""", ,h,e,i,g,h,t,=,"""",8,6,"""", ,a,l,t,=,"""",V,S,M,P,O,-,A,v,i,s,m,a, ,a,n,d, ,B,o,e,i,n,g, ,l,a,u,n,c,h, ,n,e,w, ,t,i,t,a,n,i,u,m, ,J,V, ,i,n, ,R,u,s,s,i,a,"""", ,a,l,i,g,n,=,"""",l,e,f,t,"""", ,t,i,t,l,e,=,"""",V,S,M,P,O,-,A,v,i,s,m,a, ,a,n,d, ,B,o,e,i,n,g, ,l,a,u,n,c,h, ,n,e,w, ,t,i,t,a,n,i,u,m, ,J,V, ,i,n, ,R,u,s,s,i,a,"""", ,b,o,r,d,e,r,=,"""",0,"""", ,>,<,/,a,>,R,u,s,s,i,a,',s, ,V,S,M,P,O,-,A,v,i,s,m,a, ,",", ,t,h,e, ,w,o,r,l,d,',s, ,l,a,r,g,e,s,t, ,t,i,t,a,n,i,u,m, ,p,r,o,d,u,c,e,r,",", ,a,n,d, ,U,.,S,., ,p,l,a,n,e,m,a,k,e,r, ,B,o,e,i,n,g, ,h,a,v,e, ,l,a,u,n,c,h,e,d, ,a, ,n,e,w, ,m,a,n,u,f,a,c,t,u,r,i,n,g, ,u,n,i,t, ,i,n, ,R,u,s,s,i,a,',s, ,U,r,a,l,s, ,r,e,g,i,o,n, ,o,f, ,S,v,e,r,d,l,o,v,s,k,",", ,a, ,l,o,c,a,l, ,g,o,v,e,r,n,o,r, ,s,a,i,d, ,o,n, ,s,o,c,i,a,l, ,.,.,.,<,p,>,<,b,r, ,c,l,e,a,r,=,"""",a,l,l,"""",>
<,p,>,<,a, ,h,r,e,f,=,"""",h,t,t,p,s,:,/,/,f,i,n,a,n,c,e,.,y,a,h,o,o,.,c,o,m,/,n,e,w,s,/,f,a,c,e,b,o,o,k,-,f,i,n,a,l,l,y,-,r,e,v,e,a,l,s,-,d,a,t,i,n,g,-,s,e,r,v,i,c,e,-,w,i,l,l,-,w,o,r,k,-,1,2,4,7,5,1,4,6,2,.,h,t,m,l,"""",>,<,i,m,g, ,s,r,c,=,"""",h,t,t,p,:,/,/,l,2,.,y,i,m,g,.,c,o,m,/,u,u,/,a,p,i,/,r,e,s,/,1,.,2,/,e,h,Q,m,O,c,w,J,h,1,i,Y,p,1,W,2,t,q,Q,4,p,A,-,-,/,Y,X,B,w,a,W,Q,9,e,X,R,h,Y,2,h,5,b,2,4,7,a,D,0,4,N,j,t,3,P,T,E,z,M,D,s,-,/,h,t,t,p,:,/,/,m,e,d,i,a,.,z,e,n,f,s,.,c,o,m,/,e,n,/,h,o,m,e,r,u,n,/,f,e,e,d,_,m,a,n,a,g,e,r,_,a,u,t,o,_,p,u,b,l,i,s,h,_,4,9,4,/,0,3,b,3,4,0,3,1,6,1,e,1,4,0,3,1,2,a,7,9,3,5,1,9,3,c,e,7,5,9,f,7,"""", ,w,i,d,t,h,=,"""",1,3,0,"""", ,h,e,i,g,h,t,=,"""",8,6,"""", ,a,l,t,=,"""",F,a,c,e,b,o,o,k, ,f,i,n,a,l,l,y, ,r,e,v,e,a,l,s, ,h,o,w, ,i,t,s, ,d,a,t,i,n,g, ,s,e,r,v,i,c,e, ,w,i,l,l, ,w,o,r,k,"""", ,a,l,i,g,n,=,"""",l,e,f,t,"""", ,t,i,t,l,e,=,"""",F,a,c,e,b,o,o,k, ,f,i,n,a,l,l,y, ,r,e,v,e,a,l,s, ,h,o,w, ,i,t,s, ,d,a,t,i,n,g, ,s,e,r,v,i,c,e, ,w,i,l,l, ,w,o,r,k,"""", ,b,o,r,d,e,r,=,"""",0,"""", ,>,<,/,a,>,S,t,a,r,t,i,n,g, ,T,h,u,r,s,d,a,y,",", ,F,a,c,e,b,o,o,k, ,u,s,e,r,s, ,i,n, ,C,o,l,o,m,b,i,a, ,w,i,t,h, ,i,O,S, ,a,n,d, ,A,n,d,r,o,i,d, ,d,e,v,i,c,e,s, ,c,a,n, ,d,o,w,n,l,o,a,d, ,a, ,v,e,r,s,i,o,n, ,o,f, ,t,h,e, ,F,a,c,e,b,o,o,k, ,a,p,p, ,t,h,a,t, ,i,n,c,l,u,d,e,s, ,a, ,n,e,w, ,s,e,c,t,i,o,n, ,w,i,t,h, ,t,h,e, ,d,a,t,i,n,g, ,f,e,a,t,u,r,e,.,<,p,>,<,b,r, ,c,l,e,a,r,=,"""",a,l,l,"""",>
<,p,>,<,a, ,h,r,e,f,=,"""",h,t,t,p,s,:,/,/,f,i,n,a,n,c,e,.,y,a,h,o,o,.,c,o,m,/,n,e,w,s,/,u,n,d,e,r,-,a,r,m,o,u,r,-,c,u,t,s,-,4,0,0,-,m,o,r,e,-,1,4,0,0,0,2,8,3,4,.,h,t,m,l,"""",>,<,i,m,g, ,s,r,c,=,"""","""", ,w,i,d,t,h,=,"""",1,3,0,"""", ,h,e,i,g,h,t,=,"""",8,6,"""", ,a,l,t,=,"""",U,n,d,e,r, ,A,r,m,o,u,r, ,t,o, ,c,u,t, ,4,0,0, ,m,o,r,e, ,j,o,b,s, ,i,n, ,t,u,r,n,a,r,o,u,n,d, ,p,u,s,h,",", ,s,h,a,r,e,s, ,r,i,s,e,"""", ,a,l,i,g,n,=,"""",l,e,f,t,"""", ,t,i,t,l,e,=,"""",U,n,d,e,r, ,A,r,m,o,u,r, ,t,o, ,c,u,t, ,4,0,0, ,m,o,r,e, ,j,o,b,s, ,i,n, ,t,u,r,n,a,r,o,u,n,d, ,p,u,s,h,",", ,s,h,a,r,e,s, ,r,i,s,e,"""", ,b,o,r,d,e,r,=,"""",0,"""", ,>,<,/,a,>,"""",C,o,m,p,e,t,i,t,i,o,n, ,s,t,i,l,l, ,r,e,m,a,i,n,s, ,a,n, ,i,s,s,u,e,",","""", ,s,a,i,d, ,N,e,i,l, ,S,a,u,n,d,e,r,s,",", ,m,a,n,a,g,i,n,g, ,d,i,r,e,c,t,o,r, ,o,f, ,G,l,o,b,a,l,D,a,t,a, ,R,e,t,a,i,l,., , ,I,n,i,t,i,a,l, ,s,i,g,n,s, ,f,r,o,m, ,c,h,a,n,n,e,l, ,c,h,e,c,k,s, ,a,n,d, ,o,n,l,i,n,e, ,s,a,l,e,s, ,a,r,e, ,t,h,a,t, ,N,i,k,e, ,i,s, ,a,l,s,o, ,s,e,t, ,t,o, ,g,e,t, ,a, ,b,o,o,s,t, ,f,r,o,m, ,a, ,c,o,n,t,r,o,v,e,r,s,i,a,l, ,a,d, ,c,a,m,p,a,i,g,n,",", ,l,a,u,n,c,h,e,d, ,e,a,r,l,i,e,r, ,t,h,i,s, ,m,o,n,t,h,",", ,f,e,a,t,u,r,i,n,g, ,f,o,r,m,e,r, ,N,F,L, ,p,l,a,y,e,r, ,C,o,l,i,n, ,K,a,e,p,e,r,n,i,c,k,.,<,p,>,<,b,r, ,c,l,e,a,r,=,"""",a,l,l,"""",>
<,p,>,<,a, ,h,r,e,f,=,"""",h,t,t,p,s,:,/,/,f,i,n,a,n,c,e,.,y,a,h,o,o,.,c,o,m,/,n,e,w,s,/,p,o,l,l,-,s,h,o,w,s,-,c,r,u,z,-,a,h,e,a,d,-,w,e,e,k,s,-,2,0,0,3,3,5,1,7,3,.,h,t,m,l,"""",>,<,i,m,g, ,s,r,c,=,"""","""", ,w,i,d,t,h,=,"""",1,3,0,"""", ,h,e,i,g,h,t,=,"""",8,6,"""", ,a,l,t,=,"""",P,o,l,l, ,S,h,o,w,s, ,C,r,u,z, ,A,h,e,a,d, ,A,f,t,e,r, ,W,e,e,k,s, ,o,f, ,B,e,t,o, ,W,o,r,r,y,"""", ,a,l,i,g,n,=,"""",l,e,f,t,"""", ,t,i,t,l,e,=,"""",P,o,l,l, ,S,h,o,w,s, ,C,r,u,z, ,A,h,e,a,d, ,A,f,t,e,r, ,W,e,e,k,s, ,o,f, ,B,e,t,o, ,W,o,r,r,y,"""", ,b,o,r,d,e,r,=,"""",0,"""", ,>,<,/,a,>,R,e,p,u,b,l,i,c,a,n, ,S,e,n,a,t,o,r, ,T,e,d, ,C,r,u,z, ,g,o,t, ,s,o,m,e, ,g,o,o,d, ,n,e,w,s, ,t,o,d,a,y, ,a,f,t,e,r, ,a, ,w,e,e,k, ,o,f, ,h,e,a,d,l,i,n,e,s, ,s,h,o,w,c,a,s,i,n,g, ,h,i,s, ,u,n,e,x,p,e,c,t,e,d,l,y, ,s,t,i,f,f, ,c,o,m,p,e,t,i,t,i,o,n, ,i,n, ,t,h,e, ,T,e,x,a,s, ,S,e,n,a,t,e, ,r,a,c,e,., , ,I,f, ,t,h,a,t, ,w,a,s,n,’,t, ,g,o,o,d, ,e,n,o,u,g,h, ,f,o,r, ,C,r,u,z,",", ,9,3, ,p,e,r,c,e,n,t, ,o,f, ,l,i,k,e,l,y, ,T,e,x,a,s, ,v,o,t,e,r,s, ,s,a,y, ,t,h,e,y,’,v,e, ,a,l,r,e,a,d,y, ,m,a,d,e, ,u,p, ,t,h,e,i,r, ,m,i,n,d, ,o,n, ,w,h,o, ,t,o, ,s,u,p,p,o,r,t,., , ,O,’,R,o,u,r,k,e, ,g,a,r,n,e,r,e,d, ,i,n,c,r,e,a,s,e,d, ,a,t,t,e,n,t,i,o,n, ,a,f,t,e,r, ,s,o,m,e, ,e,a,r,l,i,e,r, ,p,o,l,l,s, ,i,n, ,t,h,e, ,h,e,a,v,i,l,y, ,R,e,p,u,b,l,i,c,a,n, ,s,t,a,t,e, ,s,h,o,w,e,d, ,h,i,m, ,n,a,r,r,o,w,i,n,g, ,C,r,u,z,’,s, ,l,e,a,d, ,t,o, ,j,u,s,t, ,a, ,f,e,w, ,p,o,i,n,t,s,",", ,s,p,u,r,r,i,n,g, ,R,e,p,u,b,l,i,c,a,n,s, ,t,o, ,w,a,r,n, ,a,g,a,i,n,s,t, ,c,o,m,p,l,a,c,e,n,c,y, ,a,n,d, ,P,r,e,s,i,d,e,n,t, ,D,o,n,a,l,d, ,T,r,u,m,p, ,t,o, ,p,l,a,n, ,w,h,a,t, ,h,e, ,p,r,o,m,i,s,e,d, ,w,o,u,l,d, ,b,e, ,a, ,m,a,s,s,i,v,e, ,c,a,m,p,a,i,g,n, ,r,a,l,l,y, ,i,n, ,t,h,e, ,s,t,a,t,e, ,i,n, ,O,c,t,o,b,e,r,.,<,p,>,<,b,r, ,c,l,e,a,r,=,"""",a,l,l,"""",>
<,p,>,<,a, ,h,r,e,f,=,"""",h,t,t,p,s,:,/,/,f,i,n,a,n,c,e,.,y,a,h,o,o,.,c,o,m,/,n,e,w,s,/,2,-,w,o,m,e,n,-,d,r,o,w,n,-,w,h,i,l,e,-,c,h,a,i,n,e,d,-,1,7,4,3,3,6,8,4,0,.,h,t,m,l,"""",>,<,i,m,g, ,s,r,c,=,"""",h,t,t,p,:,/,/,l,1,.,y,i,m,g,.,c,o,m,/,u,u,/,a,p,i,/,r,e,s,/,1,.,2,/,m,N,P,M,S,R,1,l,Y,B,J,m,G,X,_,T,2,L,O,W,P,w,-,-,/,Y,X,B,w,a,W,Q,9,e,X,R,h,Y,2,h,5,b,2,4,7,a,D,0,4,N,j,t,3,P,T,E,z,M,D,s,-,/,h,t,t,p,:,/,/,m,e,d,i,a,.,z,e,n,f,s,.,c,o,m,/,e,n,-,U,S,/,h,o,m,e,r,u,n,/,f,o,r,t,u,n,e,_,1,7,5,/,d,0,8,f,5,5,a,3,4,e,2,b,1,1,a,5,7,b,6,0,0,4,3,4,8,7,b,5,9,a,2,9,"""", ,w,i,d,t,h,=,"""",1,3,0,"""", ,h,e,i,g,h,t,=,"""",8,6,"""", ,a,l,t,=,"""",2, ,W,o,m,e,n, ,D,r,o,w,n, ,W,h,i,l,e, ,C,h,a,i,n,e,d, ,i,n, ,F,l,o,o,d,e,d, ,P,o,l,i,c,e, ,V,a,n, ,D,u,r,i,n,g, ,H,u,r,r,i,c,a,n,e, ,F,l,o,r,e,n,c,e,"""", ,a,l,i,g,n,=,"""",l,e,f,t,"""", ,t,i,t,l,e,=,"""",2, ,W,o,m,e,n, ,D,r,o,w,n, ,W,h,i,l,e, ,C,h,a,i,n,e,d, ,i,n, ,F,l,o,o,d,e,d, ,P,o,l,i,c,e, ,V,a,n, ,D,u,r,i,n,g, ,H,u,r,r,i,c,a,n,e, ,F,l,o,r,e,n,c,e,"""", ,b,o,r,d,e,r,=,"""",0,"""", ,>,<,/,a,>,2, ,W,o,m,e,n, ,D,r,o,w,n, ,W,h,i,l,e, ,C,h,a,i,n,e,d, ,i,n, ,F,l,o,o,d,e,d, ,P,o,l,i,c,e, ,V,a,n, ,D,u,r,i,n,g, ,H,u,r,r,i,c,a,n,e, ,F,l,o,r,e,n,c,e,<,p,>,<,b,r, ,c,l,e,a,r,=,"""",a,l,l,"""",>
<,p,>,<,a, ,h,r,e,f,=,"""",h,t,t,p,s,:,/,/,f,i,n,a,n,c,e,.,y,a,h,o,o,.,c,o,m,/,n,e,w,s,/,p,a,r,t,s,-,s,u,p,p,l,i,e,r,-,c,h,a,l,l,e,n,g,e,-,v,w,-,f,o,r,d,-,1,2,3,8,1,7,4,9,6,.,h,t,m,l,"""",>,<,i,m,g, ,s,r,c,=,"""",h,t,t,p,:,/,/,l,1,.,y,i,m,g,.,c,o,m,/,u,u,/,a,p,i,/,r,e,s,/,1,.,2,/,D,N,e,j,A,T,s,T,o,W,A,r,d,A,3,K,F,R,6,T,j,A,-,-,/,Y,X,B,w,a,W,Q,9,e,X,R,h,Y,2,h,5,b,2,4,7,a,D,0,4,N,j,t,3,P,T,E,z,M,D,s,-,/,h,t,t,p,:,/,/,g,l,o,b,a,l,f,i,n,a,n,c,e,.,z,e,n,f,s,.,c,o,m,/,e,n,_,u,s,/,N,e,w,s,/,R,e,u,t,e,r,s,/,4,3,a,8,a,6,b,7,a,8,c,9,6,b,d,6,c,8,5,8,d,1,f,f,1,4,0,0,b,d,9,9,"""", ,w,i,d,t,h,=,"""",1,3,0,"""", ,h,e,i,g,h,t,=,"""",8,6,"""", ,a,l,t,=,"""",P,a,r,t,s, ,S,u,p,p,l,i,e,r, ,t,o, ,C,h,a,l,l,e,n,g,e, ,V,W,",", ,F,o,r,d, ,W,i,t,h, ,$,1,4, ,B,i,l,l,i,o,n, ,P,u,s,h, ,I,n,t,o, ,S,e,l,f,-,D,r,i,v,i,n,g, ,C,a,r,s,"""", ,a,l,i,g,n,=,"""",l,e,f,t,"""", ,t,i,t,l,e,=,"""",P,a,r,t,s, ,S,u,p,p,l,i,e,r, ,t,o, ,C,h,a,l,l,e,n,g,e, ,V,W,",", ,F,o,r,d, ,W,i,t,h, ,$,1,4, ,B,i,l,l,i,o,n, ,P,u,s,h, ,I,n,t,o, ,S,e,l,f,-,D,r,i,v,i,n,g, ,C,a,r,s,"""", ,b,o,r,d,e,r,=,"""",0,"""", ,>,<,/,a,>,V,o,l,k,s,w,a,g,e,n, ,A,G, ,a,n,d, ,F,o,r,d, ,M,o,t,o,r, ,C,o,., ,a,r,e, ,s,e,t, ,f,o,r, ,m,o,r,e, ,c,o,m,p,e,t,i,t,i,o,n, ,i,n, ,t,h,e, ,r,a,c,e, ,t,o, ,r,o,l,e, ,o,u,t, ,s,e,l,f,-,d,r,i,v,i,n,g, ,v,e,h,i,c,l,e,s, ,a,s, ,p,a,r,t,s, ,s,u,p,p,l,i,e,r, ,Z,F, ,F,r,i,e,d,r,i,c,h,s,h,a,f,e,n, ,A,G, ,d,e,v,e,l,o,p,s, ,i,t,s, ,o,w,n, ,o,f,f,e,r,i,n,g, ,i,n, ,t,h,e, ,l,a,t,e,s,t, ,s,i,g,n, ,o,f, ,h,o,w, ,t,e,c,h,n,o,l,o,g,y, ,s,h,i,f,t,s, ,a,r,e, ,u,p,e,n,d,i,n,g, ,t,r,a,d,i,t,i,o,n,a,l, ,r,o,l,e,s, ,i,n, ,t,h,e, ,a,u,t,o, ,i,n,d,u,s,t,r,y,., , ,Z,F, ,p,l,a,n,s, ,t,o, ,i,n,v,e,s,t, ,1,2, ,b,i,l,l,i,o,n, ,e,u,r,o,s, ,(,$,1,4, ,b,i,l,l,i,o,n,), ,o,v,e,r, ,t,h,e, ,n,e,x,t, ,f,i,v,e, ,y,e,a,r,s, ,o,n, ,e,l,e,c,t,r,i,c, ,a,n,d, ,a,u,t,o,n,o,m,o,u,s, ,v,e,h,i,c,l,e, ,t,e,c,h,n,o,l,o,g,y,., , ,T,h,e, ,s,p,e,n,d,i,n,g, ,o,f, ,a,b,o,u,t, ,2,.,4, ,b,i,l,l,i,o,n, ,e,u,r,o,s, ,a,n,n,u,a,l,l,y, ,o,u,t,p,a,c,e,s, ,t,h,e, ,2,.,2, ,b,i,l,l,i,o,n, ,e,u,r,o,s, ,Z,F, ,s,p,e,n,t, ,i,n, ,o,v,e,r,a,l,l, ,r,e,s,e,a,r,c,h, ,a,n,d, ,d,e,v,e,l,o,p,m,e,n,t, ,l,a,s,t, ,y,e,a,r,.,<,p,>,<,b,r, ,c,l,e,a,r,=,"""",a,l,l,"""",>
<,p,>,<,a, ,h,r,e,f,=,"""",h,t,t,p,s,:,/,/,f,i,n,a,n,c,e,.,y,a,h,o,o,.,c,o,m,/,v,i,d,e,o,/,a,v,e,n,g,e,r,s,-,i,n,f,i,n,i,t,y,-,w,a,r,-,s,u,r,p,a,s,s,e,s,-,t,i,t,a,n,i,c,-,1,8,5,5,0,0,4,6,3,.,h,t,m,l,"""",>,<,i,m,g, ,s,r,c,=,"""",h,t,t,p,:,/,/,l,1,.,y,i,m,g,.,c,o,m,/,u,u,/,a,p,i,/,r,e,s,/,1,.,2,/,3,J,Z,m,H,w,k,w,.,O,u,b,5,M,M,J,D,a,Q,B,9,w,-,-,/,Y,X,B,w,a,W,Q,9,e,X,R,h,Y,2,h,5,b,2,4,7,a,D,0,4,N,j,t,3,P,T,E,z,M,D,s,-,/,h,t,t,p,:,/,/,m,e,d,i,a,.,z,e,n,f,s,.,c,o,m,/,e,n,-,U,S,/,v,i,d,e,o,/,g,o,b,a,n,k,i,n,g,r,a,t,e,s,_,6,4,4,/,c,1,7,b,5,7,5,f,f,3,7,b,0,0,c,4,9,d,a,a,a,0,2,3,c,7,9,1,9,9,5,8,"""", ,w,i,d,t,h,=,"""",1,3,0,"""", ,h,e,i,g,h,t,=,"""",8,6,"""", ,a,l,t,=,"""",‘,A,v,e,n,g,e,r,s,:, ,I,n,f,i,n,i,t,y, ,W,a,r,’, ,S,u,r,p,a,s,s,e,s, ,‘,T,i,t,a,n,i,c,’, ,o,n, ,L,i,s,t, ,o,f, ,H,i,g,h,e,s,t,-,G,r,o,s,s,i,n,g, ,U,S, ,F,i,l,m,s, ,E,v,e,r,"""", ,a,l,i,g,n,=,"""",l,e,f,t,"""", ,t,i,t,l,e,=,"""",‘,A,v,e,n,g,e,r,s,:, ,I,n,f,i,n,i,t,y, ,W,a,r,’, ,S,u,r,p,a,s,s,e,s, ,‘,T,i,t,a,n,i,c,’, ,o,n, ,L,i,s,t, ,o,f, ,H,i,g,h,e,s,t,-,G,r,o,s,s,i,n,g, ,U,S, ,F,i,l,m,s, ,E,v,e,r,"""", ,b,o,r,d,e,r,=,"""",0,"""", ,>,<,/,a,>,&,q,u,o,t,;,A,v,e,n,g,e,r,s,:, ,I,n,f,i,n,i,t,y, ,W,a,r,&,q,u,o,t,;, ,h,a,s, ,d,e,t,h,r,o,n,e,d, ,&,q,u,o,t,;,T,i,t,a,n,i,c,&,q,u,o,t,;, ,a,s, ,t,h,e, ,f,o,u,r,t,h,-,h,i,g,h,e,s,t, ,g,r,o,s,s,i,n,g, ,m,o,v,i,e, ,i,n, ,U,.,S,., ,b,o,x, ,o,f,f,i,c,e, ,h,i,s,t,o,r,y,., ,B,u,t, ,d,e,s,p,i,t,e, ,t,h,e, ,f,i,l,m,&,#,3,9,;,s, ,m,a,s,s,i,v,e, ,p,e,r,f,o,r,m,a,n,c,e,",", ,&,q,u,o,t,;,T,i,t,a,n,i,c,&,q,u,o,t,;, ,s,t,i,l,l, ,r,a,n,k,s, ,a,s, ,t,h,e, ,N,o,., ,2, ,t,o,p,-,g,r,o,s,s,i,n,g, ,m,o,v,i,e, ,o,f, ,a,l,l, ,t,i,m,e, ,i,n, ,t,h,e, ,w,o,r,l,d,w,i,d,e, ,b,o,x, ,o,f,f,i,c,e,.,<,p,>,<,b,r, ,c,l,e,a,r,=,"""",a,l,l,"""",>
<,p,>,<,a, ,h,r,e,f,=,"""",h,t,t,p,s,:,/,/,f,i,n,a,n,c,e,.,y,a,h,o,o,.,c,o,m,/,n,e,w,s,/,n,e,i,l,-,d,e,g,r,a,s,s,e,-,t,y,s,o,n,-,e,l,o,n,-,m,u,s,k,-,1,7,5,5,0,0,4,0,5,.,h,t,m,l,"""",>,<,i,m,g, ,s,r,c,=,"""",h,t,t,p,:,/,/,l,1,.,y,i,m,g,.,c,o,m,/,u,u,/,a,p,i,/,r,e,s,/,1,.,2,/,Q,k,D,g,k,H,i,p,4,r,9,_,v,_,X,d,D,R,h,o,g,g,-,-,/,Y,X,B,w,a,W,Q,9,e,X,R,h,Y,2,h,5,b,2,4,7,a,D,0,4,N,j,t,3,P,T,E,z,M,D,s,-,/,h,t,t,p,:,/,/,m,e,d,i,a,.,z,e,n,f,s,.,c,o,m,/,e,n,-,U,S,/,v,i,d,e,o,/,v,i,d,e,o,.,c,n,b,c,2,.,c,o,m,/,f,4,2,d,d,2,9,d,8,d,2,c,6,7,4,6,8,0,c,0,5,e,1,c,8,8,b,c,9,b,e,2,"""", ,w,i,d,t,h,=,"""",1,3,0,"""", ,h,e,i,g,h,t,=,"""",8,6,"""", ,a,l,t,=,"""",N,e,i,l, ,d,e,G,r,a,s,s,e, ,T,y,s,o,n,:, ,E,l,o,n, ,M,u,s,k, ,i,s, ,t,h,e, ,&,a,p,o,s,;,b,e,s,t, ,t,h,i,n,g, ,w,e,&,a,p,o,s,;,v,e, ,h,a,d, ,s,i,n,c,e, ,T,h,o,m,a,s, ,E,d,i,s,o,n,&,a,p,o,s,;,"""", ,a,l,i,g,n,=,"""",l,e,f,t,"""", ,t,i,t,l,e,=,"""",N,e,i,l, ,d,e,G,r,a,s,s,e, ,T,y,s,o,n,:, ,E,l,o,n, ,M,u,s,k, ,i,s, ,t,h,e, ,&,a,p,o,s,;,b,e,s,t, ,t,h,i,n,g, ,w,e,&,a,p,o,s,;,v,e, ,h,a,d, ,s,i,n,c,e, ,T,h,o,m,a,s, ,E,d,i,s,o,n,&,a,p,o,s,;,"""", ,b,o,r,d,e,r,=,"""",0,"""", ,>,<,/,a,>,T,h,e, ,a,s,t,r,o,p,h,y,s,i,c,i,s,t, ,t,e,l,l,s, ,t,h,e, ,T,e,s,l,a, ,a,n,d, ,S,p,a,c,e,X, ,C,E,O,&,a,p,o,s,;,s, ,c,r,i,t,i,c,s, ,t,o, ,&,q,u,o,t,;,l,e,a,v,e, ,h,i,m, ,a,l,o,n,e,.,&,q,u,o,t,;,<,p,>,<,b,r, ,c,l,e,a,r,=,"""",a,l,l,"""",>
<,p,>,<,a, ,h,r,e,f,=,"""",h,t,t,p,s,:,/,/,f,i,n,a,n,c,e,.,y,a,h,o,o,.,c,o,m,/,n,e,w,s,/,w,h,y,-,w,a,r,r,e,n,-,b,u,f,f,e,t,t,-,k,e,e,p,s,-,b,u,y,i,n,g,-,2,0,2,4,0,0,4,8,9,.,h,t,m,l,"""",>,<,i,m,g, ,s,r,c,=,"""","""", ,w,i,d,t,h,=,"""",1,3,0,"""", ,h,e,i,g,h,t,=,"""",8,6,"""", ,a,l,t,=,"""",W,h,y, ,W,a,r,r,e,n, ,B,u,f,f,e,t,t, ,K,e,e,p,s, ,B,u,y,i,n,g, ,A,p,p,l,e, ,a,n,d, ,B,a,n,k, ,S,t,o,c,k,s,"""", ,a,l,i,g,n,=,"""",l,e,f,t,"""", ,t,i,t,l,e,=,"""",W,h,y, ,W,a,r,r,e,n, ,B,u,f,f,e,t,t, ,K,e,e,p,s, ,B,u,y,i,n,g, ,A,p,p,l,e, ,a,n,d, ,B,a,n,k, ,S,t,o,c,k,s,"""", ,b,o,r,d,e,r,=,"""",0,"""", ,>,<,/,a,>,T,h,e, ,l,e,g,e,n,d,a,r,y, ,i,n,v,e,s,t,o,r, ,h,a,s, ,c,o,n,t,i,n,u,e,d, ,t,o, ,b,e, ,a, ,n,e,t, ,b,u,y,e,r, ,o,f, ,s,t,o,c,k,s, ,a,n,d, ,h,a,s, ,m,a,d,e, ,a, ,p,o,i,n,t, ,t,o, ,a,d,d, ,t,o, ,s,o,m,e, ,o,f, ,h,i,s, ,f,a,v,o,r,i,t,e, ,p,o,s,i,t,i,o,n,s, ,l,a,t,e,l,y,.,<,p,>,<,b,r, ,c,l,e,a,r,=,"""",a,l,l,"""",>
<,p,>,<,a, ,h,r,e,f,=,"""",h,t,t,p,s,:,/,/,f,i,n,a,n,c,e,.,y,a,h,o,o,.,c,o,m,/,n,e,w,s,/,a,p,p,l,e,-,w,a,t,c,h,-,s,e,r,i,e,s,-,4,-,r,e,v,i,e,w,e,d,-,0,4,0,5,1,7,6,8,5,.,h,t,m,l,"""",>,<,i,m,g, ,s,r,c,=,"""",h,t,t,p,:,/,/,l,2,.,y,i,m,g,.,c,o,m,/,u,u,/,a,p,i,/,r,e,s,/,1,.,2,/,V,v,T,w,6,j,u,9,H,2,M,m,e,B,B,w,.,k,Q,K,b,w,-,-,/,Y,X,B,w,a,W,Q,9,e,X,R,h,Y,2,h,5,b,2,4,7,a,D,0,4,N,j,t,3,P,T,E,z,M,D,s,-,/,h,t,t,p,:,/,/,g,l,o,b,a,l,f,i,n,a,n,c,e,.,z,e,n,f,s,.,c,o,m,/,e,n,_,u,s,/,N,e,w,s,/,R,e,u,t,e,r,s,/,7,9,b,1,6,9,2,b,8,b,d,e,2,8,e,d,5,6,1,e,e,f,1,8,d,a,e,3,b,2,8,4,"""", ,w,i,d,t,h,=,"""",1,3,0,"""", ,h,e,i,g,h,t,=,"""",8,6,"""", ,a,l,t,=,"""",T,h,e, ,A,p,p,l,e, ,W,a,t,c,h, ,S,e,r,i,e,s, ,4, ,R,e,v,i,e,w,e,d,"""", ,a,l,i,g,n,=,"""",l,e,f,t,"""", ,t,i,t,l,e,=,"""",T,h,e, ,A,p,p,l,e, ,W,a,t,c,h, ,S,e,r,i,e,s, ,4, ,R,e,v,i,e,w,e,d,"""", ,b,o,r,d,e,r,=,"""",0,"""", ,>,<,/,a,>,I,t,',s, ,c,o,h,e,s,i,v,e,",", ,i,t,',s, ,a,m,b,i,t,i,o,u,s,",", ,a,n,d, ,i,t, ,m,i,g,h,t, ,j,u,s,t, ,e,n,c,o,u,r,a,g,e, ,y,o,u, ,t,o, ,r,e,s,h,a,p,e, ,y,o,u,r, ,h,a,b,i,t,s, ,a,n,d, ,b,e,h,a,v,i,o,r,s, ,f,o,r, ,t,h,e, ,b,e,t,t,e,r,., ,<,p,>,<,b,r, ,c,l,e,a,r,=,"""",a,l,l,"""",>
<,p,>,<,a, ,h,r,e,f,=,"""",h,t,t,p,s,:,/,/,f,i,n,a,n,c,e,.,y,a,h,o,o,.,c,o,m,/,n,e,w,s,/,m,i,c,r,o,s,o,f,t,-,i,n,c,r,e,a,s,e,s,-,d,i,v,i,d,e,n,d,-,k,n,o,w,-,1,7,5,1,0,0,1,0,5,.,h,t,m,l,"""",>,<,i,m,g, ,s,r,c,=,"""",h,t,t,p,:,/,/,l,2,.,y,i,m,g,.,c,o,m,/,u,u,/,a,p,i,/,r,e,s,/,1,.,2,/,A,y,V,2,.,m,T,3,c,w,4,K,R,0,Z,t,w,O,B,g,L,A,-,-,/,Y,X,B,w,a,W,Q,9,e,X,R,h,Y,2,h,5,b,2,4,7,a,D,0,4,N,j,t,3,P,T,E,z,M,D,s,-,/,h,t,t,p,:,/,/,m,e,d,i,a,.,z,e,n,f,s,.,c,o,m,/,e,n,-,U,S,/,h,o,m,e,r,u,n,/,m,o,t,l,e,y,f,o,o,l,.,c,o,m,/,1,8,e,3,0,3,5,6,d,4,1,1,d,a,9,6,9,c,1,b,7,5,9,e,3,f,6,2,6,5,2,d,"""", ,w,i,d,t,h,=,"""",1,3,0,"""", ,h,e,i,g,h,t,=,"""",8,6,"""", ,a,l,t,=,"""",M,i,c,r,o,s,o,f,t, ,I,n,c,r,e,a,s,e,s, ,I,t,s, ,D,i,v,i,d,e,n,d, ,-,-, ,W,h,a,t, ,Y,o,u, ,N,e,e,d, ,t,o, ,K,n,o,w,"""", ,a,l,i,g,n,=,"""",l,e,f,t,"""", ,t,i,t,l,e,=,"""",M,i,c,r,o,s,o,f,t, ,I,n,c,r,e,a,s,e,s, ,I,t,s, ,D,i,v,i,d,e,n,d, ,-,-, ,W,h,a,t, ,Y,o,u, ,N,e,e,d, ,t,o, ,K,n,o,w,"""", ,b,o,r,d,e,r,=,"""",0,"""", ,>,<,/,a,>,M,i,c,r,o,s,o,f,t,&,a,p,o,s,;,s, ,l,a,t,e,s,t, ,d,i,v,i,d,e,n,d, ,i,n,c,r,e,a,s,e, ,m,a,r,k,s, ,a,n, ,a,c,c,e,l,e,r,a,t,i,o,n, ,i,n, ,t,h,e, ,p,a,y,o,u,t,&,a,p,o,s,;,s, ,a,n,n,u,a,l, ,g,r,o,w,t,h, ,r,a,t,e,.,<,p,>,<,b,r, ,c,l,e,a,r,=,"""",a,l,l,"""",>
<,p,>,<,a, ,h,r,e,f,=,"""",h,t,t,p,s,:,/,/,f,i,n,a,n,c,e,.,y,a,h,o,o,.,c,o,m,/,n,e,w,s,/,w,h,y,-,n,v,i,d,i,a,-,n,v,d,a,-,s,t,o,c,k,-,d,o,w,n,-,1,5,1,2,0,3,6,7,3,.,h,t,m,l,"""",>,<,i,m,g, ,s,r,c,=,"""","""", ,w,i,d,t,h,=,"""",1,3,0,"""", ,h,e,i,g,h,t,=,"""",8,6,"""", ,a,l,t,=,"""",W,h,y, ,I,s, ,N,v,i,d,i,a, ,(,N,V,D,A,), ,S,t,o,c,k, ,D,o,w,n, ,T,o,d,a,y,?,"""", ,a,l,i,g,n,=,"""",l,e,f,t,"""", ,t,i,t,l,e,=,"""",W,h,y, ,I,s, ,N,v,i,d,i,a, ,(,N,V,D,A,), ,S,t,o,c,k, ,D,o,w,n, ,T,o,d,a,y,?,"""", ,b,o,r,d,e,r,=,"""",0,"""", ,>,<,/,a,>,S,h,a,r,e,s, ,o,f, ,N,v,i,d,i,a, ,(,N,V,D,A,), ,w,e,r,e, ,d,o,w,n, ,m,o,r,e, ,t,h,a,n, ,2,%, ,s,h,o,r,t,l,y, ,a,f,t,e,r, ,t,h,e, ,o,p,e,n, ,T,h,u,r,s,d,a,y, ,a,s, ,i,n,v,e,s,t,o,r,s, ,r,e,a,c,t,e,d, ,t,o, ,a, ,f,r,e,s,h, ,r,e,s,e,a,r,c,h, ,n,o,t,e, ,f,r,o,m, ,M,o,r,g,a,n, ,S,t,a,n,l,e,y, ,t,h,a,t, ,r,a,i,s,e,d, ,q,u,e,s,t,i,o,n,s, ,a,b,o,u,t, ,p,e,r,f,o,r,m,a,n,c,e, ,i,n, ,t,h,e, ,c,o,m,p,a,n,y,&,a,p,o,s,;,s, ,g,a,m,i,n,g, ,d,i,v,i,s,i,o,n,.,<,p,>,<,b,r, ,c,l,e,a,r,=,"""",a,l,l,"""",>
<,p,>,<,a, ,h,r,e,f,=,"""",h,t,t,p,s,:,/,/,f,i,n,a,n,c,e,.,y,a,h,o,o,.,c,o,m,/,n,e,w,s,/,c,o,c,a,-,c,o,l,a,-,c,o,m,p,a,n,y,-,n,y,s,e,-,k,o,-,1,3,2,7,3,9,0,3,4,.,h,t,m,l,"""",>,<,i,m,g, ,s,r,c,=,"""",h,t,t,p,:,/,/,l,1,.,y,i,m,g,.,c,o,m,/,u,u,/,a,p,i,/,r,e,s,/,1,.,2,/,x,r,D,f,9,i,O,o,t,i,1,r,u,x,f,d,y,w,X,2,0,A,-,-,/,Y,X,B,w,a,W,Q,9,e,X,R,h,Y,2,h,5,b,2,4,7,a,D,0,4,N,j,t,3,P,T,E,z,M,D,s,-,/,h,t,t,p,:,/,/,m,e,d,i,a,.,z,e,n,f,s,.,c,o,m,/,e,n,-,U,S,/,h,o,m,e,r,u,n,/,s,i,m,p,l,y,_,w,a,l,l,_,s,t,_,_,3,1,6,/,d,f,7,a,e,3,5,a,8,4,1,c,d,0,4,f,4,4,6,1,e,9,5,5,6,e,1,f,5,8,c,9,"""", ,w,i,d,t,h,=,"""",1,3,0,"""", ,h,e,i,g,h,t,=,"""",8,6,"""", ,a,l,t,=,"""",I,s, ,T,h,e, ,C,o,c,a,-,C,o,l,a, ,C,o,m,p,a,n,y, ,(,N,Y,S,E,:,K,O,), ,W,o,r,t,h, ,U,S,$,4,5,.,9,6, ,B,a,s,e,d, ,O,n, ,I,n,t,r,i,n,s,i,c, ,V,a,l,u,e,?,"""", ,a,l,i,g,n,=,"""",l,e,f,t,"""", ,t,i,t,l,e,=,"""",I,s, ,T,h,e, ,C,o,c,a,-,C,o,l,a, ,C,o,m,p,a,n,y, ,(,N,Y,S,E,:,K,O,), ,W,o,r,t,h, ,U,S,$,4,5,.,9,6, ,B,a,s,e,d, ,O,n, ,I,n,t,r,i,n,s,i,c, ,V,a,l,u,e,?,"""", ,b,o,r,d,e,r,=,"""",0,"""", ,>,<,/,a,>,H,o,w, ,f,a,r, ,o,f,f, ,i,s, ,T,h,e, ,C,o,c,a,-,C,o,l,a, ,C,o,m,p,a,n,y, ,(,N,Y,S,E,:,K,O,), ,f,r,o,m, ,i,t,s, ,i,n,t,r,i,n,s,i,c, ,v,a,l,u,e,?, ,U,s,i,n,g, ,t,h,e, ,m,o,s,t, ,r,e,c,e,n,t, ,f,i,n,a,n,c,i,a,l, ,d,a,t,a,",", ,I, ,a,m, ,g,o,i,n,g, ,t,o, ,t,a,k,e, ,a, ,l,o,o,k, ,a,t, ,w,h,e,t,h,e,r, ,t,h,e, ,s,t,o,c,k, ,i,s,R,e,a,d, ,M,o,r,e,.,.,.,<,p,>,<,b,r, ,c,l,e,a,r,=,"""",a,l,l,"""",>
<,p,>,<,a, ,h,r,e,f,=,"""",h,t,t,p,s,:,/,/,f,i,n,a,n,c,e,.,y,a,h,o,o,.,c,o,m,/,v,i,d,e,o,/,p,o,t,-,h,i,g,h,s,-,l,o,w,s,-,t,i,l,r,a,y,-,m,a,r,i,j,u,a,n,a,-,0,2,2,2,5,4,8,8,4,.,h,t,m,l,"""",>,<,i,m,g, ,s,r,c,=,"""",h,t,t,p,:,/,/,l,1,.,y,i,m,g,.,c,o,m,/,u,u,/,a,p,i,/,r,e,s,/,1,.,2,/,F,j,Z,s,4,n,i,J,q,1,k,l,M,0,2,U,4,e,e,V,u,Q,-,-,/,Y,X,B,w,a,W,Q,9,e,X,R,h,Y,2,h,5,b,2,4,7,a,D,0,4,N,j,t,3,P,T,E,z,M,D,s,-,/,h,t,t,p,:,/,/,m,e,d,i,a,.,z,e,n,f,s,.,c,o,m,/,e,n,-,U,S,/,v,i,d,e,o,/,b,l,o,o,m,b,e,r,g,_,9,3,2,/,d,3,3,0,3,d,a,6,8,b,4,d,8,9,c,7,1,4,8,7,4,d,3,7,c,5,c,7,b,9,6,6,"""", ,w,i,d,t,h,=,"""",1,3,0,"""", ,h,e,i,g,h,t,=,"""",8,6,"""", ,a,l,t,=,"""",W,e,e,d, ,S,t,o,c,k, ,T,i,l,r,a,y, ,G,a,i,n,s, ,9,4,%, ,T,h,e,n, ,L,o,s,e,s, ,I,t, ,A,l,l, ,i,n, ,M,i,n,u,t,e,s,"""", ,a,l,i,g,n,=,"""",l,e,f,t,"""", ,t,i,t,l,e,=,"""",W,e,e,d, ,S,t,o,c,k, ,T,i,l,r,a,y, ,G,a,i,n,s, ,9,4,%, ,T,h,e,n, ,L,o,s,e,s, ,I,t, ,A,l,l, ,i,n, ,M,i,n,u,t,e,s,"""", ,b,o,r,d,e,r,=,"""",0,"""", ,>,<,/,a,>,S,e,p,.,1,9, ,-,-, ,F,o,r, ,U,.,S,., ,m,a,r,i,j,u,a,n,a, ,c,o,m,p,a,n,y, ,T,i,l,r,a,y,",", ,i,t, ,w,a,s, ,d,o,u,b,l,e, ,-, ,t,h,e,n, ,n,o,t,h,i,n,g,., ,T,h,e, ,s,t,o,c,k, ,r,o,c,k,e,t,e,d, ,9,4,%, ,o,n, ,C,E,O, ,B,r,e,n,d,a,n, ,K,e,n,n,e,d,y,&,#,3,9,;,s, ,c,o,m,m,e,n,t,s,",", ,o,n,l,y, ,t,o, ,s,e,e, ,a,l,l, ,t,h,a,t, ,g,a,i,n, ,g,o, ,u,p, ,i,n, ,s,m,o,k,e, ,l,e,s,s, ,t,h,a,n, ,a,n, ,h,o,u,r, ,l,a,t,e,r,., ,R,a,m,y, ,I,n,o,c,e,n,c,i,o, ,e,x,p,l,a,i,n,s, ,t,h,e, ,h,i,g,h,s,",", ,l,o,w,s, ,a,n,d, ,l,a,s,t,-,m,i,n,u,t,e, ,4,0,%, ,r,e,b,o,u,n,d, ,o,n, ,&,q,u,o,t,;,B,l,o,o,m,b,e,r,g, ,D,a,y,b,r,e,a,k,:, ,A,s,i,a,.,&,q,u,o,t,;,<,p,>,<,b,r, ,c,l,e,a,r,=,"""",a,l,l,"""",>
<,p,>,<,a, ,h,r,e,f,=,"""",h,t,t,p,s,:,/,/,f,i,n,a,n,c,e,.,y,a,h,o,o,.,c,o,m,/,n,e,w,s,/,s,e,x,u,a,l,-,m,i,s,c,o,n,d,u,c,t,-,l,a,w,-,e,x,p,e,r,t,s,-,s,e,n,a,t,e,-,2,0,3,9,2,5,9,7,1,.,h,t,m,l,"""",>,<,i,m,g, ,s,r,c,=,"""",h,t,t,p,:,/,/,l,2,.,y,i,m,g,.,c,o,m,/,u,u,/,a,p,i,/,r,e,s,/,1,.,2,/,Y,Y,t,w,B,S,H,c,e,5,x,E,v,j,f,q,S,l,U,V,S,g,-,-,/,Y,X,B,w,a,W,Q,9,e,X,R,h,Y,2,h,5,b,2,4,7,a,D,0,4,N,j,t,3,P,T,E,z,M,D,s,-,/,h,t,t,p,:,/,/,m,e,d,i,a,.,z,e,n,f,s,.,c,o,m,/,e,n,-,U,S,/,h,o,m,e,r,u,n,/,f,o,r,t,u,n,e,_,1,7,5,/,7,d,f,8,0,b,e,9,b,d,6,c,b,e,4,1,5,1,d,6,d,2,6,b,1,d,2,1,3,8,9,d,"""", ,w,i,d,t,h,=,"""",1,3,0,"""", ,h,e,i,g,h,t,=,"""",8,6,"""", ,a,l,t,=,"""",W,e,’,r,e, ,S,e,x,u,a,l, ,M,i,s,c,o,n,d,u,c,t, ,L,a,w, ,E,x,p,e,r,t,s,., ,T,h,e, ,S,e,n,a,t,e,’,s, ,B,r,e,t,t, ,K,a,v,a,n,a,u,g,h, ,I,n,v,e,s,t,i,g,a,t,i,o,n, ,I,s, ,a, ,H,o,t, ,M,e,s,s,"""", ,a,l,i,g,n,=,"""",l,e,f,t,"""", ,t,i,t,l,e,=,"""",W,e,’,r,e, ,S,e,x,u,a,l, ,M,i,s,c,o,n,d,u,c,t, ,L,a,w, ,E,x,p,e,r,t,s,., ,T,h,e, ,S,e,n,a,t,e,’,s, ,B,r,e,t,t, ,K,a,v,a,n,a,u,g,h, ,I,n,v,e,s,t,i,g,a,t,i,o,n, ,I,s, ,a, ,H,o,t, ,M,e,s,s,"""", ,b,o,r,d,e,r,=,"""",0,"""", ,>,<,/,a,>,W,e,’,r,e, ,S,e,x,u,a,l, ,M,i,s,c,o,n,d,u,c,t, ,L,a,w, ,E,x,p,e,r,t,s,., ,T,h,e, ,S,e,n,a,t,e,’,s, ,B,r,e,t,t, ,K,a,v,a,n,a,u,g,h, ,I,n,v,e,s,t,i,g,a,t,i,o,n, ,I,s, ,a, ,H,o,t, ,M,e,s,s,<,p,>,<,b,r, ,c,l,e,a,r,=,"""",a,l,l,"""",>
<,p,>,<,a, ,h,r,e,f,=,"""",h,t,t,p,s,:,/,/,f,i,n,a,n,c,e,.,y,a,h,o,o,.,c,o,m,/,n,e,w,s,/,t,r,u,m,p,-,w,i,n,n,i,n,g,-,t,r,a,d,e,-,w,a,r,-,c,h,i,n,a,-,0,9,0,5,2,3,5,3,2,.,h,t,m,l,"""",>,<,i,m,g, ,s,r,c,=,"""",h,t,t,p,:,/,/,l,2,.,y,i,m,g,.,c,o,m,/,u,u,/,a,p,i,/,r,e,s,/,1,.,2,/,A,L,9,7,X,S,5,o,G,R,O,Q,v,9,W,Y,n,Q,z,B,d,Q,-,-,/,Y,X,B,w,a,W,Q,9,e,X,R,h,Y,2,h,5,b,2,4,7,a,D,0,4,N,j,t,3,P,T,E,z,M,D,s,-,/,h,t,t,p,:,/,/,m,e,d,i,a,.,z,e,n,f,s,.,c,o,m,/,e,n,-,U,S,/,h,o,m,e,r,u,n,/,f,o,r,t,u,n,e,_,1,7,5,/,a,7,4,4,9,b,c,8,d,6,5,0,b,e,8,1,8,4,f,f,7,0,f,0,9,5,d,1,e,d,a,f,"""", ,w,i,d,t,h,=,"""",1,3,0,"""", ,h,e,i,g,h,t,=,"""",8,6,"""", ,a,l,t,=,"""",T,r,u,m,p, ,I,s, ,W,i,n,n,i,n,g, ,H,i,s, ,T,r,a,d,e, ,W,a,r, ,W,i,t,h, ,C,h,i,n,a,., ,H,e,r,e,&,a,p,o,s,;,s, ,W,h,y, ,T,h,a,t, ,M,i,g,h,t, ,N,o,t, ,L,a,s,t,"""", ,a,l,i,g,n,=,"""",l,e,f,t,"""", ,t,i,t,l,e,=,"""",T,r,u,m,p, ,I,s, ,W,i,n,n,i,n,g, ,H,i,s, ,T,r,a,d,e, ,W,a,r, ,W,i,t,h, ,C,h,i,n,a,., ,H,e,r,e,&,a,p,o,s,;,s, ,W,h,y, ,T,h,a,t, ,M,i,g,h,t, ,N,o,t, ,L,a,s,t,"""", ,b,o,r,d,e,r,=,"""",0,"""", ,>,<,/,a,>,T,r,u,m,p, ,I,s, ,W,i,n,n,i,n,g, ,H,i,s, ,T,r,a,d,e, ,W,a,r, ,W,i,t,h, ,C,h,i,n,a,., ,H,e,r,e,&,a,p,o,s,;,s, ,W,h,y, ,T,h,a,t, ,M,i,g,h,t, ,N,o,t, ,L,a,s,t,<,p,>,<,b,r, ,c,l,e,a,r,=,"""",a,l,l,"""",>
<,p,>,<,a, ,h,r,e,f,=,"""",h,t,t,p,s,:,/,/,f,i,n,a,n,c,e,.,y,a,h,o,o,.,c,o,m,/,n,e,w,s,/,n,o,k,i,a,-,l,a,u,n,c,h,e,s,-,i,n,n,o,v,a,t,i,v,e,-,s,e,r,v,i,c,e,s,-,b,o,o,s,t,-,1,2,5,1,1,2,7,9,0,.,h,t,m,l,"""",>,<,i,m,g, ,s,r,c,=,"""",h,t,t,p,:,/,/,l,1,.,y,i,m,g,.,c,o,m,/,u,u,/,a,p,i,/,r,e,s,/,1,.,2,/,c,V,i,S,3,W,l,h,V,Z,_,o,.,i,S,8,T,U,4,z,h,w,-,-,/,Y,X,B,w,a,W,Q,9,e,X,R,h,Y,2,h,5,b,2,4,7,a,D,0,4,N,j,t,3,P,T,E,z,M,D,s,-,/,h,t,t,p,:,/,/,m,e,d,i,a,.,z,e,n,f,s,.,c,o,m,/,e,n,-,U,S,/,h,o,m,e,r,u,n,/,z,a,c,k,s,.,c,o,m,/,8,3,f,b,0,b,2,a,4,1,8,3,9,7,d,e,1,1,6,0,7,0,1,5,d,d,7,f,5,a,6,d,"""", ,w,i,d,t,h,=,"""",1,3,0,"""", ,h,e,i,g,h,t,=,"""",8,6,"""", ,a,l,t,=,"""",N,o,k,i,a, ,L,a,u,n,c,h,e,s, ,I,n,n,o,v,a,t,i,v,e, ,S,e,r,v,i,c,e,s, ,t,o, ,B,o,o,s,t, ,P,r,o,f,i,t,a,b,i,l,i,t,y,"""", ,a,l,i,g,n,=,"""",l,e,f,t,"""", ,t,i,t,l,e,=,"""",N,o,k,i,a, ,L,a,u,n,c,h,e,s, ,I,n,n,o,v,a,t,i,v,e, ,S,e,r,v,i,c,e,s, ,t,o, ,B,o,o,s,t, ,P,r,o,f,i,t,a,b,i,l,i,t,y,"""", ,b,o,r,d,e,r,=,"""",0,"""", ,>,<,/,a,>,N,o,k,i,a,&,a,p,o,s,;,s, ,(,N,O,K,), ,e,n,d,-,t,o,-,e,n,d, ,p,o,r,t,f,o,l,i,o, ,o,f, ,p,r,o,d,u,c,t,s,",", ,s,e,r,v,i,c,e,s, ,a,n,d, ,l,i,c,e,n,s,i,n,g, ,f,o,r, ,w,i,d,e,-,r,a,n,g,i,n,g, ,c,u,s,t,o,m,e,r,s, ,w,i,l,l, ,l,i,k,e,l,y, ,h,e,l,p, ,i,t, ,r,e,c,o,v,e,r, ,l,o,s,t, ,g,r,o,u,n,d,.,<,p,>,<,b,r, ,c,l,e,a,r,=,"""",a,l,l,"""",>
<,p,>,<,a, ,h,r,e,f,=,"""",h,t,t,p,s,:,/,/,f,i,n,a,n,c,e,.,y,a,h,o,o,.,c,o,m,/,n,e,w,s,/,a,m,a,z,o,n,-,a,p,o,s,-,s,u,b,-,s,i,n,k,-,s,o,n,o,s,-,1,4,4,6,0,0,5,2,1,.,h,t,m,l,"""",>,<,i,m,g, ,s,r,c,=,"""",h,t,t,p,:,/,/,l,2,.,y,i,m,g,.,c,o,m,/,u,u,/,a,p,i,/,r,e,s,/,1,.,2,/,p,3,G,i,z,r,W,9,k,X,C,8,w,h,5,m,p,k,S,y,X,A,-,-,/,Y,X,B,w,a,W,Q,9,e,X,R,h,Y,2,h,5,b,2,4,7,a,D,0,4,N,j,t,3,P,T,E,z,M,D,s,-,/,h,t,t,p,:,/,/,m,e,d,i,a,.,z,e,n,f,s,.,c,o,m,/,e,n,-,U,S,/,h,o,m,e,r,u,n,/,m,o,t,l,e,y,f,o,o,l,.,c,o,m,/,0,a,e,9,a,a,c,6,5,8,6,b,4,0,4,8,0,b,5,2,2,2,2,3,f,a,5,7,c,6,5,9,"""", ,w,i,d,t,h,=,"""",1,3,0,"""", ,h,e,i,g,h,t,=,"""",8,6,"""", ,a,l,t,=,"""",W,i,l,l, ,A,m,a,z,o,n,&,a,p,o,s,;,s, ,N,e,w, ,S,u,b, ,S,i,n,k, ,S,o,n,o,s,?,"""", ,a,l,i,g,n,=,"""",l,e,f,t,"""", ,t,i,t,l,e,=,"""",W,i,l,l, ,A,m,a,z,o,n,&,a,p,o,s,;,s, ,N,e,w, ,S,u,b, ,S,i,n,k, ,S,o,n,o,s,?,"""", ,b,o,r,d,e,r,=,"""",0,"""", ,>,<,/,a,>,S,h,a,r,e,s, ,o,f, ,S,o,n,o,s, ,h,a,v,e, ,f,a,l,l,e,n, ,3,2,%, ,o,v,e,r, ,t,h,e, ,p,a,s,t, ,s,e,v,e,n, ,t,r,a,d,i,n,g, ,d,a,y,s,",", ,a,n,d, ,i,t, ,m,i,g,h,t, ,o,n,l,y, ,g,e,t, ,w,o,r,s,e, ,i,f, ,A,m,a,z,o,n,&,a,p,o,s,;,s, ,E,c,h,o, ,S,u,b, ,m,a,k,e,s, ,a, ,s,p,l,a,s,h, ,a,h,e,a,d, ,o,f, ,t,h,e, ,h,o,l,i,d,a,y, ,s,h,o,p,p,i,n,g, ,s,e,a,s,o,n,.,<,p,>,<,b,r, ,c,l,e,a,r,=,"""",a,l,l,"""",>
<,p,>,<,a, ,h,r,e,f,=,"""",h,t,t,p,s,:,/,/,f,i,n,a,n,c,e,.,y,a,h,o,o,.,c,o,m,/,n,e,w,s,/,f,o,r,m,e,r,-,e,x,e,c,-,g,o,o,g,l,e,-,f,a,c,e,b,o,o,k,-,d,o,e,s,n,-,1,2,5,8,0,0,8,1,4,.,h,t,m,l,"""",>,<,i,m,g, ,s,r,c,=,"""",h,t,t,p,:,/,/,l,1,.,y,i,m,g,.,c,o,m,/,u,u,/,a,p,i,/,r,e,s,/,1,.,2,/,h,Z,c,2,c,g,E,.,t,w,O,g,t,w,X,V,I,5,O,i,L,w,-,-,/,Y,X,B,w,a,W,Q,9,e,X,R,h,Y,2,h,5,b,2,4,7,a,D,0,4,N,j,t,3,P,T,E,z,M,D,s,-,/,h,t,t,p,:,/,/,m,e,d,i,a,.,z,e,n,f,s,.,c,o,m,/,e,n,-,U,S,/,h,o,m,e,r,u,n,/,b,u,s,i,n,e,s,s,i,n,s,i,d,e,r,.,c,o,m,/,d,1,5,b,9,7,0,8,0,c,c,b,5,f,2,5,2,f,3,2,a,c,e,3,7,1,9,c,b,5,7,0,"""", ,w,i,d,t,h,=,"""",1,3,0,"""", ,h,e,i,g,h,t,=,"""",8,6,"""", ,a,l,t,=,"""",A, ,f,o,r,m,e,r, ,e,x,e,c, ,a,t, ,G,o,o,g,l,e, ,a,n,d, ,F,a,c,e,b,o,o,k, ,d,o,e,s,n,&,a,p,o,s,;,t, ,j,u,s,t, ,e,x,p,e,c,t, ,j,o,b, ,c,a,n,d,i,d,a,t,e,s, ,t,o, ,n,e,g,o,t,i,a,t,e, ,t,h,e,i,r, ,o,f,f,e,r, ,—, ,s,h,e, ,h,o,p,e,s, ,t,h,e,y, ,w,i,l,l,"""", ,a,l,i,g,n,=,"""",l,e,f,t,"""", ,t,i,t,l,e,=,"""",A, ,f,o,r,m,e,r, ,e,x,e,c, ,a,t, ,G,o,o,g,l,e, ,a,n,d, ,F,a,c,e,b,o,o,k, ,d,o,e,s,n,&,a,p,o,s,;,t, ,j,u,s,t, ,e,x,p,e,c,t, ,j,o,b, ,c,a,n,d,i,d,a,t,e,s, ,t,o, ,n,e,g,o,t,i,a,t,e, ,t,h,e,i,r, ,o,f,f,e,r, ,—, ,s,h,e, ,h,o,p,e,s, ,t,h,e,y, ,w,i,l,l,"""", ,b,o,r,d,e,r,=,"""",0,"""", ,>,<,/,a,>,L,i,b,b,y, ,L,e,f,f,l,e,r,",", ,a, ,f,o,r,m,e,r, ,F,a,c,e,b,o,o,k, ,e,x,e,c,u,t,i,v,e, ,a,n,d, ,G,o,o,g,l,e, ,e,m,p,l,o,y,e,e,",", ,i,s, ,n,o,w, ,t,h,e, ,v,i,c,e, ,p,r,e,s,i,d,e,n,t, ,o,f, ,m,e,m,b,e,r,s,h,i,p, ,a,t, ,S,o,F,i,., , ,L,e,f,f,l,e,r, ,s,a,i,d, ,s,h,e, ,a,l,w,a,y,s, ,e,x,p,e,c,t,s, ,j,o,b, ,c,a,n,d,i,d,a,t,e,s, ,t,o, ,n,e,g,o,t,i,a,t,e, ,t,h,e,i,r, ,j,o,b, ,o,f,f,e,r, ,b,e,c,a,u,s,e, ,i,t, ,s,h,o,w,s, ,h,o,w, ,t,h,e,y,',l,l, ,b,e,h,a,v,e, ,o,n,c,e, ,t,h,e,y, ,g,e,t, ,h,i,r,e,d,., , ,N,e,g,o,t,i,a,t,i,n,g, ,a, ,j,o,b, ,o,f,f,e,r, ,i,s, ,a, ,n,o,t,o,r,i,o,u,s,l,y, ,h,a,r,r,o,w,i,n,g, ,p,r,o,c,e,s,s,",", ,e,s,p,e,c,i,a,l,l,y, ,i,f, ,y,o,u,',v,e, ,n,e,v,e,r, ,d,o,n,e, ,i,t, ,b,e,f,o,r,e, ,a,n,d, ,a,s,s,u,m,e, ,t,h,e, ,w,o,r,l,d, ,w,i,l,l, ,e,x,p,l,o,d,e, ,i,f, ,y,o,u, ,r,e,q,u,e,s,t, ,a, ,d,o,l,l,a,r, ,m,o,r,e,.,<,p,>,<,b,r, ,c,l,e,a,r,=,"""",a,l,l,"""",>
<,p,>,<,a, ,h,r,e,f,=,"""",h,t,t,p,s,:,/,/,f,i,n,a,n,c,e,.,y,a,h,o,o,.,c,o,m,/,n,e,w,s,/,3,-,t,h,i,n,g,s,-,i,n,v,e,s,t,o,r,s,-,k,n,o,w,-,h,o,n,e,y,w,e,l,l,-,1,2,4,6,0,0,2,4,1,.,h,t,m,l,"""",>,<,i,m,g, ,s,r,c,=,"""",h,t,t,p,:,/,/,l,1,.,y,i,m,g,.,c,o,m,/,u,u,/,a,p,i,/,r,e,s,/,1,.,2,/,D,.,X,z,C,5,p,M,I,w,F,C,Y,i,r,p,5,n,Q,F,a,A,-,-,/,Y,X,B,w,a,W,Q,9,e,X,R,h,Y,2,h,5,b,2,4,7,a,D,0,4,N,j,t,3,P,T,E,z,M,D,s,-,/,h,t,t,p,:,/,/,m,e,d,i,a,.,z,e,n,f,s,.,c,o,m,/,e,n,-,U,S,/,h,o,m,e,r,u,n,/,m,o,t,l,e,y,f,o,o,l,.,c,o,m,/,9,8,c,0,e,7,a,f,8,8,3,5,1,f,a,5,2,e,a,8,1,9,1,6,0,5,a,e,5,6,5,9,"""", ,w,i,d,t,h,=,"""",1,3,0,"""", ,h,e,i,g,h,t,=,"""",8,6,"""", ,a,l,t,=,"""",3, ,T,h,i,n,g,s, ,I,n,v,e,s,t,o,r,s, ,N,e,e,d, ,t,o, ,K,n,o,w, ,A,b,o,u,t, ,H,o,n,e,y,w,e,l,l,’,s, ,S,p,i,n,o,f,f,"""", ,a,l,i,g,n,=,"""",l,e,f,t,"""", ,t,i,t,l,e,=,"""",3, ,T,h,i,n,g,s, ,I,n,v,e,s,t,o,r,s, ,N,e,e,d, ,t,o, ,K,n,o,w, ,A,b,o,u,t, ,H,o,n,e,y,w,e,l,l,’,s, ,S,p,i,n,o,f,f,"""", ,b,o,r,d,e,r,=,"""",0,"""", ,>,<,/,a,>,T,r,a,n,s,p,o,r,t,a,t,i,o,n, ,s,y,s,t,e,m,s, ,b,u,s,i,n,e,s,s, ,G,a,r,r,e,t,t, ,T,e,c,h,n,o,l,o,g,i,e,s, ,c,o,u,l,d, ,t,u,r,b,o,c,h,a,r,g,e, ,y,o,u,r, ,g,a,i,n,s,",", ,b,u,t, ,t,h,e,r,e, ,a,r,e, ,a, ,f,e,w, ,t,h,i,n,g,s, ,y,o,u, ,n,e,e,d, ,t,o, ,k,n,o,w,.,<,p,>,<,b,r, ,c,l,e,a,r,=,"""",a,l,l,"""",>
<,p,>,<,a, ,h,r,e,f,=,"""",h,t,t,p,s,:,/,/,f,i,n,a,n,c,e,.,y,a,h,o,o,.,c,o,m,/,n,e,w,s,/,s,q,m,-,v,s,-,a,l,b,e,m,a,r,l,e,-,v,s,-,f,m,c,-,1,4,0,0,0,0,5,0,0,.,h,t,m,l,"""",>,<,i,m,g, ,s,r,c,=,"""",h,t,t,p,:,/,/,l,2,.,y,i,m,g,.,c,o,m,/,u,u,/,a,p,i,/,r,e,s,/,1,.,2,/,O,4,X,K,b,l,G,j,e,K,t,G,t,g,3,3,b,2,t,p,2,Q,-,-,/,Y,X,B,w,a,W,Q,9,e,X,R,h,Y,2,h,5,b,2,4,7,a,D,0,4,N,j,t,3,P,T,E,z,M,D,s,-,/,h,t,t,p,:,/,/,m,e,d,i,a,.,z,e,n,f,s,.,c,o,m,/,e,n,-,U,S,/,h,o,m,e,r,u,n,/,m,o,t,l,e,y,f,o,o,l,.,c,o,m,/,c,e,7,9,6,5,1,8,8,b,b,4,3,6,e,c,c,f,b,3,8,3,5,4,e,c,b,7,5,4,7,c,"""", ,w,i,d,t,h,=,"""",1,3,0,"""", ,h,e,i,g,h,t,=,"""",8,6,"""", ,a,l,t,=,"""",S,Q,M, ,v,s,., ,A,l,b,e,m,a,r,l,e, ,v,s,., ,F,M,C, ,C,o,r,p,.,:, ,W,h,i,c,h, ,H,a,d, ,t,h,e, ,B,e,s,t, ,L,i,t,h,i,u,m, ,R,e,s,u,l,t,s, ,i,n, ,Q,2,?,"""", ,a,l,i,g,n,=,"""",l,e,f,t,"""", ,t,i,t,l,e,=,"""",S,Q,M, ,v,s,., ,A,l,b,e,m,a,r,l,e, ,v,s,., ,F,M,C, ,C,o,r,p,.,:, ,W,h,i,c,h, ,H,a,d, ,t,h,e, ,B,e,s,t, ,L,i,t,h,i,u,m, ,R,e,s,u,l,t,s, ,i,n, ,Q,2,?,"""", ,b,o,r,d,e,r,=,"""",0,"""", ,>,<,/,a,>,I,f, ,y,o,u,&,a,p,o,s,;,r,e, ,i,n,t,e,r,e,s,t,e,d, ,i,n, ,l,i,t,h,i,u,m, ,s,t,o,c,k,s,",", ,t,h,i,s, ,c,o,m,p,a,r,i,s,o,n, ,s,h,o,u,l,d, ,h,e,l,p, ,y,o,u, ,m,a,k,e, ,i,n,v,e,s,t,m,e,n,t, ,d,e,c,i,s,i,o,n,s,.,<,p,>,<,b,r, ,c,l,e,a,r,=,"""",a,l,l,"""",>
<,p,>,<,a, ,h,r,e,f,=,"""",h,t,t,p,s,:,/,/,f,i,n,a,n,c,e,.,y,a,h,o,o,.,c,o,m,/,n,e,w,s,/,b,e,t,t,e,r,-,b,u,y,-,a,l,i,g,n,-,t,e,c,h,n,o,l,o,g,y,-,i,n,c,-,1,0,3,1,0,0,5,5,7,.,h,t,m,l,"""",>,<,i,m,g, ,s,r,c,=,"""",h,t,t,p,:,/,/,l,1,.,y,i,m,g,.,c,o,m,/,u,u,/,a,p,i,/,r,e,s,/,1,.,2,/,v,q,x,L,a,2,q,E,r,B,z,K,i,Q,Y,4,K,b,I,N,8,w,-,-,/,Y,X,B,w,a,W,Q,9,e,X,R,h,Y,2,h,5,b,2,4,7,a,D,0,4,N,j,t,3,P,T,E,z,M,D,s,-,/,h,t,t,p,:,/,/,m,e,d,i,a,.,z,e,n,f,s,.,c,o,m,/,e,n,-,U,S,/,h,o,m,e,r,u,n,/,m,o,t,l,e,y,f,o,o,l,.,c,o,m,/,f,8,3,2,c,3,7,1,c,1,4,d,a,f,5,8,1,f,2,e,f,e,0,d,f,a,7,8,0,a,b,a,"""", ,w,i,d,t,h,=,"""",1,3,0,"""", ,h,e,i,g,h,t,=,"""",8,6,"""", ,a,l,t,=,"""",B,e,t,t,e,r, ,B,u,y,:, ,A,l,i,g,n, ,T,e,c,h,n,o,l,o,g,y,",", ,I,n,c,., ,v,s,., ,D,a,n,a,h,e,r, ,C,o,r,p,o,r,a,t,i,o,n,"""", ,a,l,i,g,n,=,"""",l,e,f,t,"""", ,t,i,t,l,e,=,"""",B,e,t,t,e,r, ,B,u,y,:, ,A,l,i,g,n, ,T,e,c,h,n,o,l,o,g,y,",", ,I,n,c,., ,v,s,., ,D,a,n,a,h,e,r, ,C,o,r,p,o,r,a,t,i,o,n,"""", ,b,o,r,d,e,r,=,"""",0,"""", ,>,<,/,a,>,W,h,i,c,h, ,s,t,o,c,k, ,w,i,n,s, ,i,n, ,a, ,o,n,e,-,o,n,-,o,n,e, ,m,a,t,c,h,u,p, ,b,e,t,w,e,e,n, ,t,h,e,s,e, ,t,w,o, ,h,e,a,l,t,h,c,a,r,e, ,l,e,a,d,e,r,s,?,<,p,>,<,b,r, ,c,l,e,a,r,=,"""",a,l,l,"""",>
<,p,>,<,a, ,h,r,e,f,=,"""",h,t,t,p,s,:,/,/,f,i,n,a,n,c,e,.,y,a,h,o,o,.,c,o,m,/,n,e,w,s,/,a,p,o,s,-,s,e,g,a,-,g,e,n,e,s,i,s,-,c,l,a,s,s,i,c,s,-,a,p,o,s,-,1,8,5,3,3,4,7,3,8,.,h,t,m,l,"""",>,<,i,m,g, ,s,r,c,=,"""",h,t,t,p,:,/,/,l,1,.,y,i,m,g,.,c,o,m,/,u,u,/,a,p,i,/,r,e,s,/,1,.,2,/,w,X,.,.,Z,b,T,H,g,Y,K,n,R,d,l,J,a,Q,Z,b,h,g,-,-,/,Y,X,B,w,a,W,Q,9,e,X,R,h,Y,2,h,5,b,2,4,7,a,D,0,4,N,j,t,3,P,T,E,z,M,D,s,-,/,h,t,t,p,:,/,/,m,e,d,i,a,.,z,e,n,f,s,.,c,o,m,/,e,n,-,U,S,/,h,o,m,e,r,u,n,/,b,u,s,i,n,e,s,s,i,n,s,i,d,e,r,.,c,o,m,/,9,9,0,1,9,c,8,f,c,b,9,d,9,3,0,2,5,4,9,7,9,e,d,e,1,6,6,0,a,d,c,9,"""", ,w,i,d,t,h,=,"""",1,3,0,"""", ,h,e,i,g,h,t,=,"""",8,6,"""", ,a,l,t,=,"""",&,a,p,o,s,;,S,e,g,a, ,G,e,n,e,s,i,s, ,C,l,a,s,s,i,c,s,&,a,p,o,s,;, ,w,i,l,l, ,b,r,i,n,g, ,m,o,r,e, ,t,h,a,n, ,5,0, ,r,e,t,r,o, ,g,a,m,e,s, ,t,o, ,t,h,e, ,N,i,n,t,e,n,d,o, ,S,w,i,t,c,h,"""", ,a,l,i,g,n,=,"""",l,e,f,t,"""", ,t,i,t,l,e,=,"""",&,a,p,o,s,;,S,e,g,a, ,G,e,n,e,s,i,s, ,C,l,a,s,s,i,c,s,&,a,p,o,s,;, ,w,i,l,l, ,b,r,i,n,g, ,m,o,r,e, ,t,h,a,n, ,5,0, ,r,e,t,r,o, ,g,a,m,e,s, ,t,o, ,t,h,e, ,N,i,n,t,e,n,d,o, ,S,w,i,t,c,h,"""", ,b,o,r,d,e,r,=,"""",0,"""", ,>,<,/,a,>,"""",S,e,g,a, ,G,e,n,e,s,i,s, ,C,l,a,s,s,i,c,s,"""", ,w,i,l,l, ,b,r,i,n,g, ,f,a,n, ,f,a,v,o,r,i,t,e,s, ,l,i,k,e, ,"""",S,o,n,i,c, ,t,h,e, ,H,e,d,g,e,h,o,g, ,2,",","""", ,"""",S,t,r,e,e,t,s, ,o,f, ,R,a,g,e,"""", ,a,n,d, ,"""",G,o,l,d,e,n, ,A,x,e,"""", ,t,o, ,t,h,e, ,N,i,n,t,e,n,d,o, ,S,w,i,t,c,h, ,t,h,i,s, ,w,i,n,t,e,r,., , ,S,w,i,t,c,h, ,p,l,a,y,e,r,s, ,c,a,n, ,p,l,a,y, ,w,i,t,h, ,a, ,s,i,n,g,l,e, ,j,o,y,c,o,n,",", ,m,a,k,i,n,g, ,i,t, ,e,a,s,y, ,f,o,r, ,f,r,i,e,n,d,s, ,t,o, ,j,o,i,n, ,i,n, ,o,n, ,t,h,e, ,f,u,n,., , ,"""",S,e,g,a, ,G,e,n,e,s,i,s, ,C,l,a,s,s,i,c,s,"""", ,w,a,s, ,a,l,s,o, ,r,e,l,e,a,s,e,d, ,o,n, ,X,b,o,x, ,O,n,e, ,a,n,d, ,P,l,a,y,S,t,a,t,i,o,n, ,4, ,i,n, ,M,a,y, ,2,0,1,8,.,<,p,>,<,b,r, ,c,l,e,a,r,=,"""",a,l,l,"""",>
<,p,>,<,a, ,h,r,e,f,=,"""",h,t,t,p,s,:,/,/,f,i,n,a,n,c,e,.,y,a,h,o,o,.,c,o,m,/,n,e,w,s,/,p,o,t,-,r,a,l,l,y,-,j,u,s,t,-,m,i,n,t,e,d,-,t,h,r,e,e,-,1,6,5,2,0,8,6,5,1,.,h,t,m,l,"""",>,<,i,m,g, ,s,r,c,=,"""",h,t,t,p,:,/,/,l,2,.,y,i,m,g,.,c,o,m,/,u,u,/,a,p,i,/,r,e,s,/,1,.,2,/,x,t,3,c,l,7,0,7,u,S,v,z,3,6,z,c,6,O,L,w,T,g,-,-,/,Y,X,B,w,a,W,Q,9,e,X,R,h,Y,2,h,5,b,2,4,7,a,D,0,4,N,j,t,3,P,T,E,z,M,D,s,-,/,h,t,t,p,:,/,/,g,l,o,b,a,l,f,i,n,a,n,c,e,.,z,e,n,f,s,.,c,o,m,/,e,n,_,u,s,/,N,e,w,s,/,R,e,u,t,e,r,s,/,e,5,f,5,9,f,d,5,6,b,6,9,a,6,c,7,b,1,9,f,b,9,b,b,7,b,5,2,2,d,d,5,"""", ,w,i,d,t,h,=,"""",1,3,0,"""", ,h,e,i,g,h,t,=,"""",8,6,"""", ,a,l,t,=,"""",T,h,e, ,P,o,t, ,R,a,l,l,y, ,J,u,s,t, ,M,i,n,t,e,d, ,T,h,r,e,e, ,N,e,w, ,B,i,l,l,i,o,n,a,i,r,e,s,"""", ,a,l,i,g,n,=,"""",l,e,f,t,"""", ,t,i,t,l,e,=,"""",T,h,e, ,P,o,t, ,R,a,l,l,y, ,J,u,s,t, ,M,i,n,t,e,d, ,T,h,r,e,e, ,N,e,w, ,B,i,l,l,i,o,n,a,i,r,e,s,"""", ,b,o,r,d,e,r,=,"""",0,"""", ,>,<,/,a,>,T,h,e, ,f,i,r,s,t, ,p,r,i,v,a,t,e, ,e,q,u,i,t,y, ,f,i,r,m, ,f,o,c,u,s,e,d, ,e,x,c,l,u,s,i,v,e,l,y, ,o,n, ,t,h,e, ,c,a,n,n,a,b,i,s, ,i,n,d,u,s,t,r,y, ,h,a,s, ,s,p,a,w,n,e,d, ,t,h,r,e,e, ,b,i,l,l,i,o,n,a,i,r,e,s,.,<,p,>,<,b,r, ,c,l,e,a,r,=,"""",a,l,l,"""",>
<,p,>,<,a, ,h,r,e,f,=,"""",h,t,t,p,s,:,/,/,f,i,n,a,n,c,e,.,y,a,h,o,o,.,c,o,m,/,n,e,w,s,/,a,p,-,e,x,p,l,a,i,n,s,-,m,u,e,l,l,e,r,s,-,l,e,g,a,l,-,a,c,t,i,o,n,s,-,0,4,2,2,1,9,0,2,7,.,h,t,m,l,"""",>,<,i,m,g, ,s,r,c,=,"""",h,t,t,p,:,/,/,l,2,.,y,i,m,g,.,c,o,m,/,u,u,/,a,p,i,/,r,e,s,/,1,.,2,/,T,d,P,j,a,N,V,Y,5,B,t,g,8,E,t,c,G,u,q,0,u,A,-,-,/,Y,X,B,w,a,W,Q,9,e,X,R,h,Y,2,h,5,b,2,4,7,a,D,0,4,N,j,t,3,P,T,E,z,M,D,s,-,/,h,t,t,p,:,/,/,g,l,o,b,a,l,f,i,n,a,n,c,e,.,z,e,n,f,s,.,c,o,m,/,i,m,a,g,e,s,/,U,S,_,A,H,T,T,P,_,A,P,_,N,E,W,S,B,R,I,E,F,S,/,a,a,e,4,2,4,9,f,5,b,2,1,4,4,f,b,8,9,e,0,5,5,6,9,f,9,4,5,d,2,b,f,_,o,r,i,g,i,n,a,l,.,j,p,g,"""", ,w,i,d,t,h,=,"""",1,3,0,"""", ,h,e,i,g,h,t,=,"""",8,6,"""", ,a,l,t,=,"""",A,P, ,E,x,p,l,a,i,n,s,:, ,M,u,e,l,l,e,r,',s, ,l,e,g,a,l, ,a,c,t,i,o,n,s, ,n,o,t, ,o,v,e,r,l,o,o,k,e,d, ,b,y, ,T,r,u,m,p,"""", ,a,l,i,g,n,=,"""",l,e,f,t,"""", ,t,i,t,l,e,=,"""",A,P, ,E,x,p,l,a,i,n,s,:, ,M,u,e,l,l,e,r,',s, ,l,e,g,a,l, ,a,c,t,i,o,n,s, ,n,o,t, ,o,v,e,r,l,o,o,k,e,d, ,b,y, ,T,r,u,m,p,"""", ,b,o,r,d,e,r,=,"""",0,"""", ,>,<,/,a,>,R,o,b,e,r,t, ,M,u,e,l,l,e,r, ,h,a,s, ,b,e,e,n, ,b,u,s,y,., , ,I,n, ,j,u,s,t, ,t,h,e, ,l,a,s,t, ,t,w,o, ,w,e,e,k,s,",", ,t,h,e, ,s,p,e,c,i,a,l, ,c,o,u,n,s,e,l, ,h,a,s, ,s,e,c,u,r,e,d, ,t,h,e, ,c,o,o,p,e,r,a,t,i,o,n, ,o,f, ,P,r,e,s,i,d,e,n,t, ,D,o,n,a,l,d, ,T,r,u,m,p,',s, ,f,o,r,m,e,r, ,c,a,m,p,a,i,g,n, ,c,h,a,i,r,m,a,n,",", ,d,i,s,p,e,n,s,e,d, ,w,i,t,h, ,t,h,e, ,c,a,s,e, ,o,f, ,t,h,e, ,c,a,m,p,a,i,g,n, ,a,i,d,e, ,w,h,o, ,t,r,i,g,g,e,r,e,d, ,t,h,e, ,R,u,s,s,i,a, ,p,r,o,b,e, ,a,n,d, ,s,i,g,n,a,l,e,d, ,h,e,',s, ,s,q,u,e,e,z,e,d, ,a,l,l, ,t,h,e, ,i,n,f,o,r,m,a,t,i,o,n, ,h,e, ,n,e,e,d,s, ,o,u,t, ,o,f, ,f,o,r,m,e,r, ,n,a,t,i,o,n,a,l, ,s,e,c,u,r,i,t,y, ,a,d,v,i,s,e,r, ,M,i,c,h,a,e,l, ,F,l,y,n,n,., , ,T,h,e, ,p,r,e,s,i,d,e,n,t, ,h,a,s, ,c,o,n,t,i,n,u,e,d, ,t,o, ,w,a,g,e, ,a, ,p,u,b,l,i,c,-,r,e,l,a,t,i,o,n,s, ,w,a,r, ,o,n, ,M,u,e,l,l,e,r,",", ,c,a,s,t,i,n,g, ,h,i,s, ,i,n,v,e,s,t,i,g,a,t,i,o,n, ,i,n,t,o, ,R,u,s,s,i,a,n, ,e,l,e,c,t,i,o,n, ,i,n,t,e,r,f,e,r,e,n,c,e, ,a,n,d, ,p,o,s,s,i,b,l,e, ,c,o,o,r,d,i,n,a,t,i,o,n, ,w,i,t,h, ,T,r,u,m,p, ,a,s,s,o,c,i,a,t,e,s, ,a,s, ,a, ,p,o,l,i,t,i,c,a,l,l,y, ,m,o,t,i,v,a,t,e,d, ,w,i,t,c,h, ,h,u,n,t,.,<,p,>,<,b,r, ,c,l,e,a,r,=,"""",a,l,l,"""",>
<,p,>,<,a, ,h,r,e,f,=,"""",h,t,t,p,s,:,/,/,f,i,n,a,n,c,e,.,y,a,h,o,o,.,c,o,m,/,n,e,w,s,/,c,e,n,t,u,r,y,l,i,n,k,-,a,p,o,s,-,d,i,v,i,d,e,n,d,-,e,v,e,n,-,s,u,r,v,i,v,e,-,1,0,0,2,0,0,6,0,1,.,h,t,m,l,"""",>,<,i,m,g, ,s,r,c,=,"""",h,t,t,p,:,/,/,l,2,.,y,i,m,g,.,c,o,m,/,u,u,/,a,p,i,/,r,e,s,/,1,.,2,/,X,0,o,p,o,C,H,4,R,s,Q,a,J,i,X,J,Y,2,J,V,_,w,-,-,/,Y,X,B,w,a,W,Q,9,e,X,R,h,Y,2,h,5,b,2,4,7,a,D,0,4,N,j,t,3,P,T,E,z,M,D,s,-,/,h,t,t,p,:,/,/,m,e,d,i,a,.,z,e,n,f,s,.,c,o,m,/,e,n,-,U,S,/,h,o,m,e,r,u,n,/,m,o,t,l,e,y,f,o,o,l,.,c,o,m,/,f,d,0,0,3,0,8,0,7,2,4,5,c,e,c,a,1,a,0,a,f,0,3,5,4,f,2,8,0,0,f,e,"""", ,w,i,d,t,h,=,"""",1,3,0,"""", ,h,e,i,g,h,t,=,"""",8,6,"""", ,a,l,t,=,"""",C,a,n, ,C,e,n,t,u,r,y,L,i,n,k,&,a,p,o,s,;,s, ,D,i,v,i,d,e,n,d, ,E,v,e,n, ,S,u,r,v,i,v,e,?,"""", ,a,l,i,g,n,=,"""",l,e,f,t,"""", ,t,i,t,l,e,=,"""",C,a,n, ,C,e,n,t,u,r,y,L,i,n,k,&,a,p,o,s,;,s, ,D,i,v,i,d,e,n,d, ,E,v,e,n, ,S,u,r,v,i,v,e,?,"""", ,b,o,r,d,e,r,=,"""",0,"""", ,>,<,/,a,>,I,t,&,a,p,o,s,;,s, ,a,l,l, ,a,b,o,u,t, ,t,h,e, ,c,a,s,h, ,f,l,o,w,s,.,<,p,>,<,b,r, ,c,l,e,a,r,=,"""",a,l,l,"""",>
